carbon_price_scenario,model_project_name,pathway_name,year,technology,current_regulatory_cost_eur_per_t_pp,hypothetical_eol_cost_eur_per_t_pp,analytical_total_cost_eur_per_t_pp,capex_annuity_eur_per_t_pp,additional_opex_eur_per_t_pp,direct_process_emissions_t_co2_per_t_pp,co2_price_eur_per_t_co2,direct_process_co2_cost_eur_per_t_pp,electricity_cost_eur_per_t_pp,natural_gas_cost_eur_per_t_pp,hydrogen_cost_eur_per_t_pp,naphtha_cost_eur_per_t_pp,pcw_cost_eur_per_t_pp,biomass_cost_eur_per_t_pp,renewable_naphtha_cost_eur_per_t_pp,renewable_propane_cost_eur_per_t_pp
high,Steamcracker Naphtha,Fossil naphtha via conventional steam cracking,2025,Steamcracker_Naphtha,1360.2372427781047,341.7576,1701.9948427781048,196.93594277810507,67.77,1.57,108.84,170.8788,56.508,259.1445,0,608.9999999999999,0,0,0,0
high,Steamcracker Naphtha,Fossil naphtha via conventional steam cracking,2026,Steamcracker_Naphtha,1340.0843427781049,398.9998,1739.084142778105,196.93594277810507,67.77,1.57,127.07,199.4999,51.816,215.06250000000003,0,608.9999999999999,0,0,0,0
high,Steamcracker Naphtha,Fossil naphtha via conventional steam cracking,2027,Steamcracker_Naphtha,1351.2649427781053,456.2420000000001,1807.5069427781052,196.93594277810507,67.77,1.57,145.3,228.12100000000004,52.836,196.60200000000003,0,608.9999999999999,0,0,0,0
high,Steamcracker Naphtha,Fossil naphtha via conventional steam cracking,2028,Steamcracker_Naphtha,1356.5302427781048,513.5156,1870.045842778105,196.93594277810507,67.77,1.57,163.54,256.7578,46.716,179.3505,0,608.9999999999999,0,0,0,0
high,Steamcracker Naphtha,Fossil naphtha via conventional steam cracking,2029,Steamcracker_Naphtha,1362.721842778105,570.7578000000001,1933.4796427781048,196.93594277810507,67.77,1.57,181.77,285.37890000000004,42.84,160.797,0,608.9999999999999,0,0,0,0
high,Steamcracker Naphtha,Fossil naphtha via conventional steam cracking,2030,Steamcracker_Naphtha,1369.775942778105,628,1997.775942778105,196.93594277810507,67.77,1.57,200,314,39.78,142.29000000000002,0,608.9999999999999,0,0,0,0
high,Steamcracker Naphtha,Fossil naphtha via conventional steam cracking,2031,Steamcracker_Naphtha,1395.1849427781049,690.8000000000001,2085.984942778105,196.93594277810507,67.77,1.57,220,345.40000000000003,38.811,137.268,0,608.9999999999999,0,0,0,0
high,Steamcracker Naphtha,Fossil naphtha via conventional steam cracking,2032,Steamcracker_Naphtha,1425.5604427781047,753.6,2179.160442778105,196.93594277810507,67.77,1.57,240,376.8,39.321,135.73350000000002,0,608.9999999999999,0,0,0,0
high,Steamcracker Naphtha,Fossil naphtha via conventional steam cracking,2033,Steamcracker_Naphtha,1456.6499427781048,816.4,2273.0499427781047,196.93594277810507,67.77,1.57,260,408.2,40.545,134.199,0,608.9999999999999,0,0,0,0
high,Steamcracker Naphtha,Fossil naphtha via conventional steam cracking,2034,Steamcracker_Naphtha,1487.071942778105,879.2,2366.271942778105,196.93594277810507,67.77,1.57,280,439.6,41.055,132.711,0,608.9999999999999,0,0,0,0
high,Steamcracker Naphtha,Fossil naphtha via conventional steam cracking,2035,Steamcracker_Naphtha,1516.830942778105,942,2458.830942778105,196.93594277810507,67.77,1.57,300,471,40.902,131.223,0,608.9999999999999,0,0,0,0
high,Steamcracker Naphtha,Fossil naphtha via conventional steam cracking,2036,Steamcracker_Naphtha,1546.381442778105,1004.8,2551.181442778105,196.93594277810507,67.77,1.57,320,502.40000000000003,40.49400000000001,129.78150000000002,0,608.9999999999999,0,0,0,0
high,Steamcracker Naphtha,Fossil naphtha via conventional steam cracking,2037,Steamcracker_Naphtha,1575.778942778105,1067.6,2643.378942778105,196.93594277810507,67.77,1.57,340,533.8000000000001,39.933,128.34,0,608.9999999999999,0,0,0,0
high,Steamcracker Naphtha,Fossil naphtha via conventional steam cracking,2038,Steamcracker_Naphtha,1604.916942778105,1130.4,2735.316942778105,196.93594277810507,67.77,1.57,360,565.2,39.066,126.945,0,608.9999999999999,0,0,0,0
high,Steamcracker Naphtha,Fossil naphtha via conventional steam cracking,2039,Steamcracker_Naphtha,1634.0084427781053,1193.2,2827.208442778105,196.93594277810507,67.77,1.57,380,596.6,38.199000000000005,125.5035,0,608.9999999999999,0,0,0,0
high,Steamcracker Naphtha,Fossil naphtha via conventional steam cracking,2040,Steamcracker_Naphtha,1663.1464427781052,1256,2919.146442778105,196.93594277810507,67.77,1.57,400,628,37.332,124.10850000000002,0,608.9999999999999,0,0,0,0
high,Steamcracker Naphtha,Fossil naphtha via conventional steam cracking,2041,Steamcracker_Naphtha,1694.2869427781047,1318.8,3013.086942778105,196.93594277810507,67.77,1.57,420,659.4,37.026,124.155,0,608.9999999999999,0,0,0,0
high,Steamcracker Naphtha,Fossil naphtha via conventional steam cracking,2042,Steamcracker_Naphtha,1725.7064427781052,1381.6,3107.306442778105,196.93594277810507,67.77,1.57,440,690.8000000000001,36.72,124.4805,0,608.9999999999999,0,0,0,0
high,Steamcracker Naphtha,Fossil naphtha via conventional steam cracking,2043,Steamcracker_Naphtha,1757.1769427781053,1444.4,3201.576942778105,196.93594277810507,67.77,1.57,460,722.2,36.465,124.806,0,608.9999999999999,0,0,0,0
high,Steamcracker Naphtha,Fossil naphtha via conventional steam cracking,2044,Steamcracker_Naphtha,1788.336942778105,1507.2,3295.5369427781047,196.93594277810507,67.77,1.57,480,753.6,35.853,125.178,0,608.9999999999999,0,0,0,0
high,Steamcracker Naphtha,Fossil naphtha via conventional steam cracking,2045,Steamcracker_Naphtha,1819.8074427781048,1570,3389.807442778105,196.93594277810507,67.77,1.57,500,785,35.598,125.5035,0,608.9999999999999,0,0,0,0
high,E-Steamcracker Naphtha,Fossil naphtha via electric steam cracking,2025,eSteamcracker_Naphtha,1467.2019427781051,341.7576,1808.959542778105,196.93594277810507,67.77,0.2,108.84,21.768,571.728,0,0,608.9999999999999,0,0,0,0
high,E-Steamcracker Naphtha,Fossil naphtha via electric steam cracking,2026,eSteamcracker_Naphtha,1423.375942778105,398.9998,1822.375742778105,196.93594277810507,67.77,0.2,127.07,25.414,524.256,0,0,608.9999999999999,0,0,0,0
high,E-Steamcracker Naphtha,Fossil naphtha via electric steam cracking,2027,eSteamcracker_Naphtha,1437.341942778105,456.2420000000001,1893.583942778105,196.93594277810507,67.77,0.2,145.3,29.060000000000002,534.576,0,0,608.9999999999999,0,0,0,0
high,E-Steamcracker Naphtha,Fossil naphtha via electric steam cracking,2028,eSteamcracker_Naphtha,1379.0699427781049,513.5156,1892.5855427781048,196.93594277810507,67.77,0.2,163.54,32.708,472.656,0,0,608.9999999999999,0,0,0,0
high,E-Steamcracker Naphtha,Fossil naphtha via electric steam cracking,2029,eSteamcracker_Naphtha,1343.499942778105,570.7578000000001,1914.257742778105,196.93594277810507,67.77,0.2,181.77,36.354000000000006,433.44,0,0,608.9999999999999,0,0,0,0
high,E-Steamcracker Naphtha,Fossil naphtha via electric steam cracking,2030,eSteamcracker_Naphtha,1316.185942778105,628,1944.185942778105,196.93594277810507,67.77,0.2,200,40,402.48,0,0,608.9999999999999,0,0,0,0
high,E-Steamcracker Naphtha,Fossil naphtha via electric steam cracking,2031,eSteamcracker_Naphtha,1310.381942778105,690.8000000000001,2001.181942778105,196.93594277810507,67.77,0.2,220,44,392.676,0,0,608.9999999999999,0,0,0,0
high,E-Steamcracker Naphtha,Fossil naphtha via electric steam cracking,2032,eSteamcracker_Naphtha,1319.5419427781048,753.6,2073.1419427781047,196.93594277810507,67.77,0.2,240,48,397.836,0,0,608.9999999999999,0,0,0,0
high,E-Steamcracker Naphtha,Fossil naphtha via electric steam cracking,2033,eSteamcracker_Naphtha,1335.9259427781049,816.4,2152.325942778105,196.93594277810507,67.77,0.2,260,52,410.22,0,0,608.9999999999999,0,0,0,0
high,E-Steamcracker Naphtha,Fossil naphtha via electric steam cracking,2034,eSteamcracker_Naphtha,1345.085942778105,879.2,2224.285942778105,196.93594277810507,67.77,0.2,280,56,415.38,0,0,608.9999999999999,0,0,0,0
high,E-Steamcracker Naphtha,Fossil naphtha via electric steam cracking,2035,eSteamcracker_Naphtha,1347.5379427781054,942,2289.5379427781054,196.93594277810507,67.77,0.2,300,60,413.8320000000001,0,0,608.9999999999999,0,0,0,0
high,E-Steamcracker Naphtha,Fossil naphtha via electric steam cracking,2036,eSteamcracker_Naphtha,1347.409942778105,1004.8,2352.209942778105,196.93594277810507,67.77,0.2,320,64,409.70400000000006,0,0,608.9999999999999,0,0,0,0
high,E-Steamcracker Naphtha,Fossil naphtha via electric steam cracking,2037,eSteamcracker_Naphtha,1345.7339427781048,1067.6,2413.3339427781048,196.93594277810507,67.77,0.2,340,68,404.028,0,0,608.9999999999999,0,0,0,0
high,E-Steamcracker Naphtha,Fossil naphtha via electric steam cracking,2038,eSteamcracker_Naphtha,1340.961942778105,1130.4,2471.361942778105,196.93594277810507,67.77,0.2,360,72,395.256,0,0,608.9999999999999,0,0,0,0
high,E-Steamcracker Naphtha,Fossil naphtha via electric steam cracking,2039,eSteamcracker_Naphtha,1336.1899427781048,1193.2,2529.389942778105,196.93594277810507,67.77,0.2,380,76,386.484,0,0,608.9999999999999,0,0,0,0
high,E-Steamcracker Naphtha,Fossil naphtha via electric steam cracking,2040,eSteamcracker_Naphtha,1331.417942778105,1256,2587.417942778105,196.93594277810507,67.77,0.2,400,80,377.7120000000001,0,0,608.9999999999999,0,0,0,0
high,E-Steamcracker Naphtha,Fossil naphtha via electric steam cracking,2041,eSteamcracker_Naphtha,1332.3219427781048,1318.8,2651.1219427781048,196.93594277810507,67.77,0.2,420,84,374.616,0,0,608.9999999999999,0,0,0,0
high,E-Steamcracker Naphtha,Fossil naphtha via electric steam cracking,2042,eSteamcracker_Naphtha,1333.225942778105,1381.6,2714.825942778105,196.93594277810507,67.77,0.2,440,88,371.52,0,0,608.9999999999999,0,0,0,0
high,E-Steamcracker Naphtha,Fossil naphtha via electric steam cracking,2043,eSteamcracker_Naphtha,1334.645942778105,1444.4,2779.045942778105,196.93594277810507,67.77,0.2,460,92,368.94,0,0,608.9999999999999,0,0,0,0
high,E-Steamcracker Naphtha,Fossil naphtha via electric steam cracking,2044,eSteamcracker_Naphtha,1332.4539427781049,1507.2,2839.653942778105,196.93594277810507,67.77,0.2,480,96,362.748,0,0,608.9999999999999,0,0,0,0
high,E-Steamcracker Naphtha,Fossil naphtha via electric steam cracking,2045,eSteamcracker_Naphtha,1333.8739427781052,1570,2903.873942778105,196.93594277810507,67.77,0.2,500,100,360.168,0,0,608.9999999999999,0,0,0,0
high,Pyrolyse,PCW via pyrolysis and conventional steam cracking,2025,Pyrolyse_Steamcracker_Recycling,1524.7473761110368,0,1524.7473761110368,291.4347408878989,177.85,2.908,108.84,316.50672,123.09326,323.7913,66.946355223138,0,225.125,0,0,0
high,Pyrolyse,PCW via pyrolysis and conventional steam cracking,2026,Pyrolyse_Steamcracker_Recycling,1511.0951798753788,0,1511.0951798753788,291.4347408878989,177.85,2.908,127.07,369.51955999999996,112.87252,268.7125,65.58085898748,0,225.125,0,0,0
high,Pyrolyse,PCW via pyrolysis and conventional steam cracking,2027,Pyrolyse_Steamcracker_Recycling,1541.951146641181,0,1541.951146641181,291.4347408878989,177.85,2.908,145.3,422.5324,115.09442,245.6468,64.267785753282,0,225.125,0,0,0
high,Pyrolyse,PCW via pyrolysis and conventional steam cracking,2028,Pyrolyse_Steamcracker_Recycling,1558.8626787570358,0,1558.8626787570358,291.4347408878989,177.85,2.908,163.54,475.57431999999994,101.76302,224.0917,63.023897869137,0,225.125,0,0,0
high,Pyrolyse,PCW via pyrolysis and conventional steam cracking,2029,Pyrolyse_Steamcracker_Recycling,1579.086715739028,0,1579.086715739028,291.4347408878989,177.85,2.908,181.77,528.58716,93.3198,200.9098,61.860214851128994,0,225.125,0,0,0
high,Pyrolyse,PCW via pyrolysis and conventional steam cracking,2030,Pyrolyse_Steamcracker_Recycling,1601.2944633819488,0,1601.2944633819488,291.4347408878989,177.85,2.908,200,581.6,86.65410000000001,177.786,60.84462249405,0,225.125,0,0,0
high,Pyrolyse,PCW via pyrolysis and conventional steam cracking,2031,Pyrolyse_Steamcracker_Recycling,1650.145596762286,0,1650.145596762286,291.4347408878989,177.85,2.908,220,639.76,84.543295,171.51119999999997,59.921360874387,0,225.125,0,0,0
high,Pyrolyse,PCW via pyrolysis and conventional steam cracking,2032,Pyrolyse_Steamcracker_Recycling,1705.7870119447998,0,1705.7870119447998,291.4347408878989,177.85,2.908,240,697.92,85.654245,169.5939,58.209126056901,0,225.125,0,0,0
high,Pyrolyse,PCW via pyrolysis and conventional steam cracking,2033,Pyrolyse_Steamcracker_Recycling,1764.6959919448,0,1764.6959919448,291.4347408878989,177.85,2.908,260,756.0799999999999,88.320525,167.67659999999998,58.209126056901,0,225.125,0,0,0
high,Pyrolyse,PCW via pyrolysis and conventional steam cracking,2034,Pyrolyse_Steamcracker_Recycling,1822.1077419448,0,1822.1077419448,291.4347408878989,177.85,2.908,280,814.24,89.431475,165.8174,58.209126056901,0,225.125,0,0,0
high,Pyrolyse,PCW via pyrolysis and conventional steam cracking,2035,Pyrolyse_Steamcracker_Recycling,1874.5911696974508,0,1874.5911696974508,291.4347408878989,177.85,2.908,300,872.4,89.09819000000002,163.95819999999998,54.725038809552,0,225.125,0,0,0
high,Pyrolyse,PCW via pyrolysis and conventional steam cracking,2036,Pyrolyse_Steamcracker_Recycling,1929.513616781113,0,1929.513616781113,291.4347408878989,177.85,2.908,320,930.56,88.20943000000001,162.1571,54.177345893214,0,225.125,0,0,0
high,Pyrolyse,PCW via pyrolysis and conventional steam cracking,2037,Pyrolyse_Steamcracker_Recycling,1984.102778853966,0,1984.102778853966,291.4347408878989,177.85,2.908,340,988.72,86.987385,160.356,53.629652966067,0,225.125,0,0,0
high,Pyrolyse,PCW via pyrolysis and conventional steam cracking,2038,Pyrolyse_Steamcracker_Recycling,2038.083470937628,0,2038.083470937628,291.4347408878989,177.85,2.908,360,1046.8799999999999,85.09877,158.613,53.081960049729,0,225.125,0,0,0
high,Pyrolyse,PCW via pyrolysis and conventional steam cracking,2039,Pyrolyse_Steamcracker_Recycling,2092.00606302129,0,2092.00606302129,291.4347408878989,177.85,2.908,380,1105.04,83.21015500000001,156.81189999999998,52.534267133391,0,225.125,0,0,0
high,Pyrolyse,PCW via pyrolysis and conventional steam cracking,2040,Pyrolyse_Steamcracker_Recycling,2145.9867550941426,0,2145.9867550941426,291.4347408878989,177.85,2.908,400,1163.2,81.32154000000001,155.0689,51.986574206244,0,225.125,0,0,0
high,Pyrolyse,PCW via pyrolysis and conventional steam cracking,2041,Pyrolyse_Steamcracker_Recycling,2202.732953804327,0,2202.732953804327,291.4347408878989,177.85,2.908,420,1221.36,80.65497,155.12699999999998,51.181242916428,0,225.125,0,0,0
high,Pyrolyse,PCW via pyrolysis and conventional steam cracking,2042,Pyrolyse_Steamcracker_Recycling,2259.827752514511,0,2259.827752514511,291.4347408878989,177.85,2.908,440,1279.52,79.98840000000001,155.53369999999998,50.375911626612,0,225.125,0,0,0
high,Pyrolyse,PCW via pyrolysis and conventional steam cracking,2043,Pyrolyse_Steamcracker_Recycling,2317.033646224695,0,2317.033646224695,291.4347408878989,177.85,2.908,460,1337.68,79.43292500000001,155.94039999999998,49.570580336796,0,225.125,0,0,0
high,Pyrolyse,PCW via pyrolysis and conventional steam cracking,2044,Pyrolyse_Steamcracker_Recycling,2373.5199749348785,0,2373.5199749348785,291.4347408878989,177.85,2.908,480,1395.84,78.099785,156.4052,48.76524904698,0,225.125,0,0,0
high,Pyrolyse,PCW via pyrolysis and conventional steam cracking,2045,Pyrolyse_Steamcracker_Recycling,2430.7258686450627,0,2430.7258686450627,291.4347408878989,177.85,2.908,500,1454,77.54431000000001,156.81189999999998,47.959917757164,0,225.125,0,0,0
high,Pyrolyse E-Steamcracker,PCW via pyrolysis and electric steam cracking,2025,Pyrolyse_eSteamcracker_Recycling,1658.2129609110368,0,1658.2129609110368,291.4347408878989,177.85,1.19482,108.84,130.0442088,766.9376560000001,0,66.946355223138,0,225,0,0,0
high,Pyrolyse E-Steamcracker,PCW via pyrolysis and electric steam cracking,2026,Pyrolyse_eSteamcracker_Recycling,1614.948289275379,0,1614.948289275379,291.4347408878989,177.85,1.19482,127.07,151.8257774,703.2569119999999,0,65.58085898748,0,225,0,0,0
high,Pyrolyse E-Steamcracker,PCW via pyrolysis and electric steam cracking,2027,Pyrolyse_eSteamcracker_Recycling,1649.2604246411809,0,1649.2604246411809,291.4347408878989,177.85,1.19482,145.3,173.607346,717.100552,0,64.267785753282,0,225,0,0,0
high,Pyrolyse E-Steamcracker,PCW via pyrolysis and electric steam cracking,2028,Pyrolyse_eSteamcracker_Recycling,1586.748213557036,0,1586.748213557036,291.4347408878989,177.85,1.19482,163.54,195.4008628,634.038712,0,63.023897869137,0,225,0,0,0
high,Pyrolyse E-Steamcracker,PCW via pyrolysis and electric steam cracking,2029,Pyrolyse_eSteamcracker_Recycling,1554.760267139028,0,1554.760267139028,291.4347408878989,177.85,1.19482,181.77,217.1824314,581.4328800000001,0,61.860214851128994,0,225,0,0,0
high,Pyrolyse E-Steamcracker,PCW via pyrolysis and electric steam cracking,2030,Pyrolyse_eSteamcracker_Recycling,1533.9953233819488,0,1533.9953233819488,291.4347408878989,177.85,1.19482,200,238.964,539.90196,0,60.84462249405,0,225,0,0,0
high,Pyrolyse E-Steamcracker,PCW via pyrolysis and electric steam cracking,2031,Pyrolyse_eSteamcracker_Recycling,1543.8170037622858,0,1543.8170037622858,291.4347408878989,177.85,1.19482,220,262.8604,526.750502,0,59.921360874387,0,225,0,0,0
high,Pyrolyse E-Steamcracker,PCW via pyrolysis and electric steam cracking,2032,Pyrolyse_eSteamcracker_Recycling,1572.9229889448002,0,1572.9229889448002,291.4347408878989,177.85,1.19482,240,286.7568,533.672322,0,58.209126056901,0,225,0,0,0
high,Pyrolyse E-Steamcracker,PCW via pyrolysis and electric steam cracking,2033,Pyrolyse_eSteamcracker_Recycling,1613.4317569447999,0,1613.4317569447999,291.4347408878989,177.85,1.19482,260,310.65319999999997,550.2846900000001,0,58.209126056901,0,225,0,0,0
high,Pyrolyse E-Steamcracker,PCW via pyrolysis and electric steam cracking,2034,Pyrolyse_eSteamcracker_Recycling,1644.2499769448,0,1644.2499769448,291.4347408878989,177.85,1.19482,280,334.5496,557.20651,0,58.209126056901,0,225,0,0,0
high,Pyrolyse E-Steamcracker,PCW via pyrolysis and electric steam cracking,2035,Pyrolyse_eSteamcracker_Recycling,1662.585743697451,0,1662.585743697451,291.4347408878989,177.85,1.19482,300,358.446,555.1299640000001,0,54.725038809552,0,225,0,0,0
high,Pyrolyse E-Steamcracker,PCW via pyrolysis and electric steam cracking,2036,Pyrolyse_eSteamcracker_Recycling,1680.3969947811129,0,1680.3969947811129,291.4347408878989,177.85,1.19482,320,382.3424,549.5925080000001,0,54.177345893214,0,225,0,0,0
high,Pyrolyse E-Steamcracker,PCW via pyrolysis and electric steam cracking,2037,Pyrolyse_eSteamcracker_Recycling,1696.131699853966,0,1696.131699853966,291.4347408878989,177.85,1.19482,340,406.23879999999997,541.978506,0,53.629652966067,0,225,0,0,0
high,Pyrolyse E-Steamcracker,PCW via pyrolysis and electric steam cracking,2038,Pyrolyse_eSteamcracker_Recycling,1707.7133129376277,0,1707.7133129376277,291.4347408878989,177.85,1.19482,360,430.1352,530.211412,0,53.081960049729,0,225,0,0,0
high,Pyrolyse E-Steamcracker,PCW via pyrolysis and electric steam cracking,2039,Pyrolyse_eSteamcracker_Recycling,1719.29492602129,0,1719.29492602129,291.4347408878989,177.85,1.19482,380,454.0316,518.4443180000001,0,52.534267133391,0,225,0,0,0
high,Pyrolyse E-Steamcracker,PCW via pyrolysis and electric steam cracking,2040,Pyrolyse_eSteamcracker_Recycling,1730.876539094143,0,1730.876539094143,291.4347408878989,177.85,1.19482,400,477.928,506.677224,0,51.986574206244,0,225,0,0,0
high,Pyrolyse E-Steamcracker,PCW via pyrolysis and electric steam cracking,2041,Pyrolyse_eSteamcracker_Recycling,1749.814515804327,0,1749.814515804327,291.4347408878989,177.85,1.19482,420,501.82439999999997,502.524132,0,51.181242916428,0,225,0,0,0
high,Pyrolyse E-Steamcracker,PCW via pyrolysis and electric steam cracking,2042,Pyrolyse_eSteamcracker_Recycling,1768.7524925145108,0,1768.7524925145108,291.4347408878989,177.85,1.19482,440,525.7208,498.37104,0,50.375911626612,0,225,0,0,0
high,Pyrolyse E-Steamcracker,PCW via pyrolysis and electric steam cracking,2043,Pyrolyse_eSteamcracker_Recycling,1788.382651224695,0,1788.382651224695,291.4347408878989,177.85,1.19482,460,549.6172,494.91013,0,49.570580336796,0,225,0,0,0
high,Pyrolyse E-Steamcracker,PCW via pyrolysis and electric steam cracking,2044,Pyrolyse_eSteamcracker_Recycling,1803.167535934879,0,1803.167535934879,291.4347408878989,177.85,1.19482,480,573.5136,486.603946,0,48.76524904698,0,225,0,0,0
high,Pyrolyse E-Steamcracker,PCW via pyrolysis and electric steam cracking,2045,Pyrolyse_eSteamcracker_Recycling,1822.7976946450626,0,1822.7976946450626,291.4347408878989,177.85,1.19482,500,597.41,483.143036,0,47.959917757164,0,225,0,0,0
high,Hydrocracking,PCW via hydrocracking and conventional steam cracking,2025,Hydrocracking_Steamcracker_Recycling,1584.7667415796636,0,1584.7667415796636,401.7651897896037,208.74,2.36,108.84,256.8624,107.476,259.1445,209.52865179006,0,141.25,0,0,0
high,Hydrocracking,PCW via hydrocracking and conventional steam cracking,2026,Hydrocracking_Steamcracker_Recycling,1570.5098124972037,0,1570.5098124972037,401.7651897896037,208.74,2.36,127.07,299.88519999999994,98.552,215.06250000000003,205.2549227076,0,141.25,0,0,0
high,Hydrocracking,PCW via hydrocracking and conventional steam cracking,2027,Hydrocracking_Steamcracker_Recycling,1592.9024568849436,0,1592.9024568849436,401.7651897896037,208.74,2.36,145.3,342.908,100.492,196.60200000000003,201.14526709534,0,141.25,0,0,0
high,Hydrocracking,PCW via hydrocracking and conventional steam cracking,2028,Hydrocracking_Steamcracker_Recycling,1603.1642375287934,0,1603.1642375287934,401.7651897896037,208.74,2.36,163.54,385.95439999999996,88.85199999999999,179.3505,197.25214773919,0,141.25,0,0,0
high,Hydrocracking,PCW via hydrocracking and conventional steam cracking,2029,Hydrocracking_Steamcracker_Recycling,1616.6194433018338,0,1616.6194433018338,401.7651897896037,208.74,2.36,181.77,428.9772,81.48,160.797,193.61005351223,0,141.25,0,0,0
high,Hydrocracking,PCW via hydrocracking and conventional steam cracking,2030,Hydrocracking_Steamcracker_Recycling,1632.1366431131037,0,1632.1366431131037,401.7651897896037,208.74,2.36,200,472,75.66,142.29000000000002,190.4314533235,0,141.25,0,0,0
high,Hydrocracking,PCW via hydrocracking and conventional steam cracking,2031,Hydrocracking_Steamcracker_Recycling,1669.5820195962933,0,1669.5820195962933,401.7651897896037,208.74,2.36,220,519.1999999999999,73.817,137.268,187.54182980669,0,141.25,0,0,0
high,Hydrocracking,PCW via hydrocracking and conventional steam cracking,2032,Hydrocracking_Steamcracker_Recycling,1710.8585683634738,0,1710.8585683634738,401.7651897896037,208.74,2.36,240,566.4,74.78699999999999,135.73350000000002,182.18287857387,0,141.25,0,0,0
high,Hydrocracking,PCW via hydrocracking and conventional steam cracking,2033,Hydrocracking_Steamcracker_Recycling,1758.8520683634738,0,1758.8520683634738,401.7651897896037,208.74,2.36,260,613.6,77.115,134.199,182.18287857387,0,141.25,0,0,0
high,Hydrocracking,PCW via hydrocracking and conventional steam cracking,2034,Hydrocracking_Steamcracker_Recycling,1805.5340683634736,0,1805.5340683634736,401.7651897896037,208.74,2.36,280,660.8,78.085,132.711,182.18287857387,0,141.25,0,0,0
high,Hydrocracking,PCW via hydrocracking and conventional steam cracking,2035,Hydrocracking_Steamcracker_Recycling,1840.0505747398438,0,1840.0505747398438,401.7651897896037,208.74,2.36,300,708,77.794,131.223,171.27838495024,0,141.25,0,0,0
high,Hydrocracking,PCW via hydrocracking and conventional steam cracking,2036,Hydrocracking_Steamcracker_Recycling,1883.3189058657836,0,1883.3189058657836,401.7651897896037,208.74,2.36,320,755.1999999999999,77.018,129.78150000000002,169.56421607618,0,141.25,0,0,0
high,Hydrocracking,PCW via hydrocracking and conventional steam cracking,2037,Hydrocracking_Steamcracker_Recycling,1926.2962369578936,0,1926.2962369578936,401.7651897896037,208.74,2.36,340,802.4,75.951,128.34,167.85004716829,0,141.25,0,0,0
high,Hydrocracking,PCW via hydrocracking and conventional steam cracking,2038,Hydrocracking_Steamcracker_Recycling,1968.7380680838337,0,1968.7380680838337,401.7651897896037,208.74,2.36,360,849.5999999999999,74.30199999999999,126.945,166.13587829423,0,141.25,0,0,0
high,Hydrocracking,PCW via hydrocracking and conventional steam cracking,2039,Hydrocracking_Steamcracker_Recycling,2011.1333992097736,0,2011.1333992097736,401.7651897896037,208.74,2.36,380,896.8,72.653,125.5035,164.42170942017,0,141.25,0,0,0
high,Hydrocracking,PCW via hydrocracking and conventional steam cracking,2040,Hydrocracking_Steamcracker_Recycling,2053.5752303018835,0,2053.5752303018835,401.7651897896037,208.74,2.36,400,944,71.004,124.10850000000002,162.70754051228002,0,141.25,0,0,0
high,Hydrocracking,PCW via hydrocracking and conventional steam cracking,2041,Hydrocracking_Steamcracker_Recycling,2097.7192050419635,0,2097.7192050419635,401.7651897896037,208.74,2.36,420,991.1999999999999,70.422,124.155,160.18701525236,0,141.25,0,0,0
high,Hydrocracking,PCW via hydrocracking and conventional steam cracking,2042,Hydrocracking_Steamcracker_Recycling,2142.142179782044,0,2142.142179782044,401.7651897896037,208.74,2.36,440,1038.3999999999999,69.84,124.4805,157.66648999243998,0,141.25,0,0,0
high,Hydrocracking,PCW via hydrocracking and conventional steam cracking,2043,Hydrocracking_Steamcracker_Recycling,2186.6621545221237,0,2186.6621545221237,401.7651897896037,208.74,2.36,460,1085.6,69.355,124.806,155.14596473252,0,141.25,0,0,0
high,Hydrocracking,PCW via hydrocracking and conventional steam cracking,2044,Hydrocracking_Steamcracker_Recycling,2230.549629262204,0,2230.549629262204,401.7651897896037,208.74,2.36,480,1132.8,68.19099999999999,125.178,152.6254394726,0,141.25,0,0,0
high,Hydrocracking,PCW via hydrocracking and conventional steam cracking,2045,Hydrocracking_Steamcracker_Recycling,2275.069604002284,0,2275.069604002284,401.7651897896037,208.74,2.36,500,1180,67.70599999999999,125.5035,150.10491421268,0,141.25,0,0,0
high,Hydrocracking E-Steamcracker,PCW via hydrocracking and electric steam cracking,2025,Hydrocracking_eSteamcracker_Recycling,1690.6234415796637,0,1690.6234415796637,401.7651897896037,208.74,0.99,108.84,107.7516,621.588,0,209.52865179006,0,141.25,0,0,0
high,Hydrocracking E-Steamcracker,PCW via hydrocracking and electric steam cracking,2026,Hydrocracking_eSteamcracker_Recycling,1652.7854124972034,0,1652.7854124972034,401.7651897896037,208.74,0.99,127.07,125.79929999999999,569.976,0,205.2549227076,0,141.25,0,0,0
high,Hydrocracking E-Steamcracker,PCW via hydrocracking and electric steam cracking,2027,Hydrocracking_eSteamcracker_Recycling,1677.9434568849438,0,1677.9434568849438,401.7651897896037,208.74,0.99,145.3,143.847,581.196,0,201.14526709534,0,141.25,0,0,0
high,Hydrocracking E-Steamcracker,PCW via hydrocracking and electric steam cracking,2028,Hydrocracking_eSteamcracker_Recycling,1624.787937528794,0,1624.787937528794,401.7651897896037,208.74,0.99,163.54,161.9046,513.876,0,197.25214773919,0,141.25,0,0,0
high,Hydrocracking E-Steamcracker,PCW via hydrocracking and electric steam cracking,2029,Hydrocracking_eSteamcracker_Recycling,1596.5575433018337,0,1596.5575433018337,401.7651897896037,208.74,0.99,181.77,179.9523,471.24,0,193.61005351223,0,141.25,0,0,0
high,Hydrocracking E-Steamcracker,PCW via hydrocracking and electric steam cracking,2030,Hydrocracking_eSteamcracker_Recycling,1577.7666431131038,0,1577.7666431131038,401.7651897896037,208.74,0.99,200,198,437.58,0,190.4314533235,0,141.25,0,0,0
high,Hydrocracking E-Steamcracker,PCW via hydrocracking and electric steam cracking,2031,Hydrocracking_eSteamcracker_Recycling,1584.0180195962935,0,1584.0180195962935,401.7651897896037,208.74,0.99,220,217.8,426.921,0,187.54182980669,0,141.25,0,0,0
high,Hydrocracking E-Steamcracker,PCW via hydrocracking and electric steam cracking,2032,Hydrocracking_eSteamcracker_Recycling,1604.0690683634737,0,1604.0690683634737,401.7651897896037,208.74,0.99,240,237.6,432.531,0,182.18287857387,0,141.25,0,0,0
high,Hydrocracking E-Steamcracker,PCW via hydrocracking and electric steam cracking,2033,Hydrocracking_eSteamcracker_Recycling,1637.3330683634736,0,1637.3330683634736,401.7651897896037,208.74,0.99,260,257.4,445.995,0,182.18287857387,0,141.25,0,0,0
high,Hydrocracking E-Steamcracker,PCW via hydrocracking and electric steam cracking,2034,Hydrocracking_eSteamcracker_Recycling,1662.7430683634736,0,1662.7430683634736,401.7651897896037,208.74,0.99,280,277.2,451.605,0,182.18287857387,0,141.25,0,0,0
high,Hydrocracking E-Steamcracker,PCW via hydrocracking and electric steam cracking,2035,Hydrocracking_eSteamcracker_Recycling,1669.9555747398438,0,1669.9555747398438,401.7651897896037,208.74,0.99,300,297,449.922,0,171.27838495024,0,141.25,0,0,0
high,Hydrocracking E-Steamcracker,PCW via hydrocracking and electric steam cracking,2036,Hydrocracking_eSteamcracker_Recycling,1683.553405865784,0,1683.553405865784,401.7651897896037,208.74,0.99,320,316.8,445.4340000000001,0,169.56421607618,0,141.25,0,0,0
high,Hydrocracking E-Steamcracker,PCW via hydrocracking and electric steam cracking,2037,Hydrocracking_eSteamcracker_Recycling,1695.4682369578936,0,1695.4682369578936,401.7651897896037,208.74,0.99,340,336.6,439.263,0,167.85004716829,0,141.25,0,0,0
high,Hydrocracking E-Steamcracker,PCW via hydrocracking and electric steam cracking,2038,Hydrocracking_eSteamcracker_Recycling,1704.0170680838337,0,1704.0170680838337,401.7651897896037,208.74,0.99,360,356.4,429.726,0,166.13587829423,0,141.25,0,0,0
high,Hydrocracking E-Steamcracker,PCW via hydrocracking and electric steam cracking,2039,Hydrocracking_eSteamcracker_Recycling,1712.565899209774,0,1712.565899209774,401.7651897896037,208.74,0.99,380,376.2,420.1890000000001,0,164.42170942017,0,141.25,0,0,0
high,Hydrocracking E-Steamcracker,PCW via hydrocracking and electric steam cracking,2040,Hydrocracking_eSteamcracker_Recycling,1721.1147303018838,0,1721.1147303018838,401.7651897896037,208.74,0.99,400,396,410.652,0,162.70754051228002,0,141.25,0,0,0
high,Hydrocracking E-Steamcracker,PCW via hydrocracking and electric steam cracking,2041,Hydrocracking_eSteamcracker_Recycling,1735.0282050419635,0,1735.0282050419635,401.7651897896037,208.74,0.99,420,415.8,407.286,0,160.18701525236,0,141.25,0,0,0
high,Hydrocracking E-Steamcracker,PCW via hydrocracking and electric steam cracking,2042,Hydrocracking_eSteamcracker_Recycling,1748.9416797820436,0,1748.9416797820436,401.7651897896037,208.74,0.99,440,435.6,403.92,0,157.66648999243998,0,141.25,0,0,0
high,Hydrocracking E-Steamcracker,PCW via hydrocracking and electric steam cracking,2043,Hydrocracking_eSteamcracker_Recycling,1763.4161545221236,0,1763.4161545221236,401.7651897896037,208.74,0.99,460,455.4,401.115,0,155.14596473252,0,141.25,0,0,0
high,Hydrocracking E-Steamcracker,PCW via hydrocracking and electric steam cracking,2044,Hydrocracking_eSteamcracker_Recycling,1773.9636292622035,0,1773.9636292622035,401.7651897896037,208.74,0.99,480,475.2,394.383,0,152.6254394726,0,141.25,0,0,0
high,Hydrocracking E-Steamcracker,PCW via hydrocracking and electric steam cracking,2045,Hydrocracking_eSteamcracker_Recycling,1788.4381040022838,0,1788.4381040022838,401.7651897896037,208.74,0.99,500,495,391.578,0,150.10491421268,0,141.25,0,0,0
high,Gasifizierung-FT,PCW via gasification-FT and conventional steam cracking,2025,Gasifizierung_FT_Steamcracker_Recycling,1854.9286840323484,0,1854.9286840323484,503.2629840323488,417.53,3.58,108.84,389.6472,75.34400000000001,259.1445,0,0,210,0,0,0
high,Gasifizierung-FT,PCW via gasification-FT and conventional steam cracking,2026,Gasifizierung_FT_Steamcracker_Recycling,1869.8540840323487,0,1869.8540840323487,503.2629840323488,417.53,3.58,127.07,454.9106,69.08800000000001,215.06250000000003,0,0,210,0,0,0
high,Gasifizierung-FT,PCW via gasification-FT and conventional steam cracking,2027,Gasifizierung_FT_Steamcracker_Recycling,1918.0169840323488,0,1918.0169840323488,503.2629840323488,417.53,3.58,145.3,520.1740000000001,70.44800000000001,196.60200000000003,0,0,210,0,0,0
high,Gasifizierung-FT,PCW via gasification-FT and conventional steam cracking,2028,Gasifizierung_FT_Steamcracker_Recycling,1957.9046840323485,0,1957.9046840323485,503.2629840323488,417.53,3.58,163.54,585.4732,62.288,179.3505,0,0,210,0,0,0
high,Gasifizierung-FT,PCW via gasification-FT and conventional steam cracking,2029,Gasifizierung_FT_Steamcracker_Recycling,1999.4465840323487,0,1999.4465840323487,503.2629840323488,417.53,3.58,181.77,650.7366000000001,57.120000000000005,160.797,0,0,210,0,0,0
high,Gasifizierung-FT,PCW via gasification-FT and conventional steam cracking,2030,Gasifizierung_FT_Steamcracker_Recycling,2042.1229840323488,0,2042.1229840323488,503.2629840323488,417.53,3.58,200,716,53.040000000000006,142.29000000000002,0,0,210,0,0,0
high,Gasifizierung-FT,PCW via gasification-FT and conventional steam cracking,2031,Gasifizierung_FT_Steamcracker_Recycling,2107.4089840323486,0,2107.4089840323486,503.2629840323488,417.53,3.58,220,787.6,51.748,137.268,0,0,210,0,0,0
high,Gasifizierung-FT,PCW via gasification-FT and conventional steam cracking,2032,Gasifizierung_FT_Steamcracker_Recycling,2178.1544840323486,0,2178.1544840323486,503.2629840323488,417.53,3.58,240,859.2,52.428,135.73350000000002,0,0,210,0,0,0
high,Gasifizierung-FT,PCW via gasification-FT and conventional steam cracking,2033,Gasifizierung_FT_Steamcracker_Recycling,2249.851984032349,0,2249.851984032349,503.2629840323488,417.53,3.58,260,930.8000000000001,54.06,134.199,0,0,210,0,0,0
high,Gasifizierung-FT,PCW via gasification-FT and conventional steam cracking,2034,Gasifizierung_FT_Steamcracker_Recycling,2320.6439840323487,0,2320.6439840323487,503.2629840323488,417.53,3.58,280,1002.4,54.74,132.711,0,0,210,0,0,0
high,Gasifizierung-FT,PCW via gasification-FT and conventional steam cracking,2035,Gasifizierung_FT_Steamcracker_Recycling,2390.5519840323486,0,2390.5519840323486,503.2629840323488,417.53,3.58,300,1074,54.53600000000001,131.223,0,0,210,0,0,0
high,Gasifizierung-FT,PCW via gasification-FT and conventional steam cracking,2036,Gasifizierung_FT_Steamcracker_Recycling,2460.1664840323488,0,2460.1664840323488,503.2629840323488,417.53,3.58,320,1145.6,53.992,129.78150000000002,0,0,210,0,0,0
high,Gasifizierung-FT,PCW via gasification-FT and conventional steam cracking,2037,Gasifizierung_FT_Steamcracker_Recycling,2529.576984032349,0,2529.576984032349,503.2629840323488,417.53,3.58,340,1217.2,53.244,128.34,0,0,210,0,0,0
high,Gasifizierung-FT,PCW via gasification-FT and conventional steam cracking,2038,Gasifizierung_FT_Steamcracker_Recycling,2598.6259840323487,0,2598.6259840323487,503.2629840323488,417.53,3.58,360,1288.8,52.088,126.945,0,0,210,0,0,0
high,Gasifizierung-FT,PCW via gasification-FT and conventional steam cracking,2039,Gasifizierung_FT_Steamcracker_Recycling,2667.6284840323488,0,2667.6284840323488,503.2629840323488,417.53,3.58,380,1360.4,50.93200000000001,125.5035,0,0,210,0,0,0
high,Gasifizierung-FT,PCW via gasification-FT and conventional steam cracking,2040,Gasifizierung_FT_Steamcracker_Recycling,2736.6774840323487,0,2736.6774840323487,503.2629840323488,417.53,3.58,400,1432,49.776,124.10850000000002,0,0,210,0,0,0
high,Gasifizierung-FT,PCW via gasification-FT and conventional steam cracking,2041,Gasifizierung_FT_Steamcracker_Recycling,2807.915984032349,0,2807.915984032349,503.2629840323488,417.53,3.58,420,1503.6000000000001,49.368,124.155,0,0,210,0,0,0
high,Gasifizierung-FT,PCW via gasification-FT and conventional steam cracking,2042,Gasifizierung_FT_Steamcracker_Recycling,2879.433484032349,0,2879.433484032349,503.2629840323488,417.53,3.58,440,1575.2,48.96,124.4805,0,0,210,0,0,0
high,Gasifizierung-FT,PCW via gasification-FT and conventional steam cracking,2043,Gasifizierung_FT_Steamcracker_Recycling,2951.0189840323487,0,2951.0189840323487,503.2629840323488,417.53,3.58,460,1646.8,48.620000000000005,124.806,0,0,210,0,0,0
high,Gasifizierung-FT,PCW via gasification-FT and conventional steam cracking,2044,Gasifizierung_FT_Steamcracker_Recycling,3022.1749840323487,0,3022.1749840323487,503.2629840323488,417.53,3.58,480,1718.4,47.804,125.178,0,0,210,0,0,0
high,Gasifizierung-FT,PCW via gasification-FT and conventional steam cracking,2045,Gasifizierung_FT_Steamcracker_Recycling,3093.760484032349,0,3093.760484032349,503.2629840323488,417.53,3.58,500,1790,47.464,125.5035,0,0,210,0,0,0
high,Gasifizierung-FT E-Steamcracker,PCW via gasification-FT and electric steam cracking,2025,Gasifizierung_FT_eSteamcracker_Recycling,1961.8933840323489,0,1961.8933840323489,503.2629840323488,417.53,2.21,108.84,240.53640000000001,590.564,0,0,0,210,0,0,0
high,Gasifizierung-FT E-Steamcracker,PCW via gasification-FT and electric steam cracking,2026,Gasifizierung_FT_eSteamcracker_Recycling,1953.145684032349,0,1953.145684032349,503.2629840323488,417.53,2.21,127.07,280.8247,541.528,0,0,0,210,0,0,0
high,Gasifizierung-FT E-Steamcracker,PCW via gasification-FT and electric steam cracking,2027,Gasifizierung_FT_eSteamcracker_Recycling,2004.0939840323488,0,2004.0939840323488,503.2629840323488,417.53,2.21,145.3,321.113,552.188,0,0,0,210,0,0,0
high,Gasifizierung-FT E-Steamcracker,PCW via gasification-FT and electric steam cracking,2028,Gasifizierung_FT_eSteamcracker_Recycling,1980.4443840323488,0,1980.4443840323488,503.2629840323488,417.53,2.21,163.54,361.42339999999996,488.228,0,0,0,210,0,0,0
high,Gasifizierung-FT E-Steamcracker,PCW via gasification-FT and electric steam cracking,2029,Gasifizierung_FT_eSteamcracker_Recycling,1980.224684032349,0,1980.224684032349,503.2629840323488,417.53,2.21,181.77,401.7117,447.72,0,0,0,210,0,0,0
high,Gasifizierung-FT E-Steamcracker,PCW via gasification-FT and electric steam cracking,2030,Gasifizierung_FT_eSteamcracker_Recycling,1988.5329840323488,0,1988.5329840323488,503.2629840323488,417.53,2.21,200,442,415.74,0,0,0,210,0,0,0
high,Gasifizierung-FT E-Steamcracker,PCW via gasification-FT and electric steam cracking,2031,Gasifizierung_FT_eSteamcracker_Recycling,2022.605984032349,0,2022.605984032349,503.2629840323488,417.53,2.21,220,486.2,405.613,0,0,0,210,0,0,0
high,Gasifizierung-FT E-Steamcracker,PCW via gasification-FT and electric steam cracking,2032,Gasifizierung_FT_eSteamcracker_Recycling,2072.135984032349,0,2072.135984032349,503.2629840323488,417.53,2.21,240,530.4,410.943,0,0,0,210,0,0,0
high,Gasifizierung-FT E-Steamcracker,PCW via gasification-FT and electric steam cracking,2033,Gasifizierung_FT_eSteamcracker_Recycling,2129.1279840323486,0,2129.1279840323486,503.2629840323488,417.53,2.21,260,574.6,423.735,0,0,0,210,0,0,0
high,Gasifizierung-FT E-Steamcracker,PCW via gasification-FT and electric steam cracking,2034,Gasifizierung_FT_eSteamcracker_Recycling,2178.657984032349,0,2178.657984032349,503.2629840323488,417.53,2.21,280,618.8,429.065,0,0,0,210,0,0,0
high,Gasifizierung-FT E-Steamcracker,PCW via gasification-FT and electric steam cracking,2035,Gasifizierung_FT_eSteamcracker_Recycling,2221.258984032349,0,2221.258984032349,503.2629840323488,417.53,2.21,300,663,427.466,0,0,0,210,0,0,0
high,Gasifizierung-FT E-Steamcracker,PCW via gasification-FT and electric steam cracking,2036,Gasifizierung_FT_eSteamcracker_Recycling,2261.1949840323487,0,2261.1949840323487,503.2629840323488,417.53,2.21,320,707.2,423.20200000000006,0,0,0,210,0,0,0
high,Gasifizierung-FT E-Steamcracker,PCW via gasification-FT and electric steam cracking,2037,Gasifizierung_FT_eSteamcracker_Recycling,2299.5319840323486,0,2299.5319840323486,503.2629840323488,417.53,2.21,340,751.4,417.339,0,0,0,210,0,0,0
high,Gasifizierung-FT E-Steamcracker,PCW via gasification-FT and electric steam cracking,2038,Gasifizierung_FT_eSteamcracker_Recycling,2334.6709840323488,0,2334.6709840323488,503.2629840323488,417.53,2.21,360,795.6,408.278,0,0,0,210,0,0,0
high,Gasifizierung-FT E-Steamcracker,PCW via gasification-FT and electric steam cracking,2039,Gasifizierung_FT_eSteamcracker_Recycling,2369.8099840323484,0,2369.8099840323484,503.2629840323488,417.53,2.21,380,839.8,399.217,0,0,0,210,0,0,0
high,Gasifizierung-FT E-Steamcracker,PCW via gasification-FT and electric steam cracking,2040,Gasifizierung_FT_eSteamcracker_Recycling,2404.9489840323486,0,2404.9489840323486,503.2629840323488,417.53,2.21,400,884,390.156,0,0,0,210,0,0,0
high,Gasifizierung-FT E-Steamcracker,PCW via gasification-FT and electric steam cracking,2041,Gasifizierung_FT_eSteamcracker_Recycling,2445.9509840323485,0,2445.9509840323485,503.2629840323488,417.53,2.21,420,928.1999999999999,386.958,0,0,0,210,0,0,0
high,Gasifizierung-FT E-Steamcracker,PCW via gasification-FT and electric steam cracking,2042,Gasifizierung_FT_eSteamcracker_Recycling,2486.952984032349,0,2486.952984032349,503.2629840323488,417.53,2.21,440,972.4,383.76,0,0,0,210,0,0,0
high,Gasifizierung-FT E-Steamcracker,PCW via gasification-FT and electric steam cracking,2043,Gasifizierung_FT_eSteamcracker_Recycling,2528.487984032349,0,2528.487984032349,503.2629840323488,417.53,2.21,460,1016.6,381.095,0,0,0,210,0,0,0
high,Gasifizierung-FT E-Steamcracker,PCW via gasification-FT and electric steam cracking,2044,Gasifizierung_FT_eSteamcracker_Recycling,2566.291984032349,0,2566.291984032349,503.2629840323488,417.53,2.21,480,1060.8,374.699,0,0,0,210,0,0,0
high,Gasifizierung-FT E-Steamcracker,PCW via gasification-FT and electric steam cracking,2045,Gasifizierung_FT_eSteamcracker_Recycling,2607.8269840323487,0,2607.8269840323487,503.2629840323488,417.53,2.21,500,1105,372.034,0,0,0,210,0,0,0
high,Mechanisches Recycling,PCW via mechanical recycling,2025,Mechanisches_Recycling,459.6039584996458,0,459.6039584996458,11.507118499645742,185.18,0.471,108.84,51.26364,64.1532,0,0,0,147.5,0,0,0
high,Mechanisches Recycling,PCW via mechanical recycling,2026,Mechanisches_Recycling,462.8634884996457,0,462.8634884996457,11.507118499645742,185.18,0.471,127.07,59.84996999999999,58.82639999999999,0,0,0,147.5,0,0,0
high,Mechanisches Recycling,PCW via mechanical recycling,2027,Mechanisches_Recycling,472.60781849964576,0,472.60781849964576,11.507118499645742,185.18,0.471,145.3,68.4363,59.9844,0,0,0,147.5,0,0,0
high,Mechanisches Recycling,PCW via mechanical recycling,2028,Mechanisches_Recycling,474.25085849964574,0,474.25085849964574,11.507118499645742,185.18,0.471,163.54,77.02734,53.03639999999999,0,0,0,147.5,0,0,0
high,Mechanisches Recycling,PCW via mechanical recycling,2029,Mechanisches_Recycling,478.4367884996458,0,478.4367884996458,11.507118499645742,185.18,0.471,181.77,85.61367,48.636,0,0,0,147.5,0,0,0
high,Mechanisches Recycling,PCW via mechanical recycling,2030,Mechanisches_Recycling,483.5491184996457,0,483.5491184996457,11.507118499645742,185.18,0.471,200,94.19999999999999,45.162,0,0,0,147.5,0,0,0
high,Mechanisches Recycling,PCW via mechanical recycling,2031,Mechanisches_Recycling,491.8690184996457,0,491.8690184996457,11.507118499645742,185.18,0.471,220,103.61999999999999,44.0619,0,0,0,147.5,0,0,0
high,Mechanisches Recycling,PCW via mechanical recycling,2032,Mechanisches_Recycling,501.8680184996457,0,501.8680184996457,11.507118499645742,185.18,0.471,240,113.03999999999999,44.6409,0,0,0,147.5,0,0,0
high,Mechanisches Recycling,PCW via mechanical recycling,2033,Mechanisches_Recycling,512.6776184996457,0,512.6776184996457,11.507118499645742,185.18,0.471,260,122.46,46.0305,0,0,0,147.5,0,0,0
high,Mechanisches Recycling,PCW via mechanical recycling,2034,Mechanisches_Recycling,522.6766184996457,0,522.6766184996457,11.507118499645742,185.18,0.471,280,131.88,46.6095,0,0,0,147.5,0,0,0
high,Mechanisches Recycling,PCW via mechanical recycling,2035,Mechanisches_Recycling,531.9229184996458,0,531.9229184996458,11.507118499645742,185.18,0.471,300,141.29999999999998,46.4358,0,0,0,147.5,0,0,0
high,Mechanisches Recycling,PCW via mechanical recycling,2036,Mechanisches_Recycling,540.8797184996457,0,540.8797184996457,11.507118499645742,185.18,0.471,320,150.72,45.9726,0,0,0,147.5,0,0,0
high,Mechanisches Recycling,PCW via mechanical recycling,2037,Mechanisches_Recycling,549.6628184996457,0,549.6628184996457,11.507118499645742,185.18,0.471,340,160.14,45.3357,0,0,0,147.5,0,0,0
high,Mechanisches Recycling,PCW via mechanical recycling,2038,Mechanisches_Recycling,558.0985184996457,0,558.0985184996457,11.507118499645742,185.18,0.471,360,169.56,44.35139999999999,0,0,0,147.5,0,0,0
high,Mechanisches Recycling,PCW via mechanical recycling,2039,Mechanisches_Recycling,566.5342184996457,0,566.5342184996457,11.507118499645742,185.18,0.471,380,178.98,43.3671,0,0,0,147.5,0,0,0
high,Mechanisches Recycling,PCW via mechanical recycling,2040,Mechanisches_Recycling,574.9699184996457,0,574.9699184996457,11.507118499645742,185.18,0.471,400,188.39999999999998,42.3828,0,0,0,147.5,0,0,0
high,Mechanisches Recycling,PCW via mechanical recycling,2041,Mechanisches_Recycling,584.0425184996457,0,584.0425184996457,11.507118499645742,185.18,0.471,420,197.82,42.0354,0,0,0,147.5,0,0,0
high,Mechanisches Recycling,PCW via mechanical recycling,2042,Mechanisches_Recycling,593.1151184996457,0,593.1151184996457,11.507118499645742,185.18,0.471,440,207.23999999999998,41.688,0,0,0,147.5,0,0,0
high,Mechanisches Recycling,PCW via mechanical recycling,2043,Mechanisches_Recycling,602.2456184996457,0,602.2456184996457,11.507118499645742,185.18,0.471,460,216.66,41.3985,0,0,0,147.5,0,0,0
high,Mechanisches Recycling,PCW via mechanical recycling,2044,Mechanisches_Recycling,610.9708184996457,0,610.9708184996457,11.507118499645742,185.18,0.471,480,226.07999999999998,40.7037,0,0,0,147.5,0,0,0
high,Mechanisches Recycling,PCW via mechanical recycling,2045,Mechanisches_Recycling,620.1013184996457,0,620.1013184996457,11.507118499645742,185.18,0.471,500,235.5,40.4142,0,0,0,147.5,0,0,0
high,Methanolroute,Captured CO2 and H2 via methanol-to-propylene,2025,Methanolroute,4911.204918040424,0,4911.204918040424,408.83683483404496,140.58,0.31913,108.84,34.734109200000006,1257.58,0,3069.47397400638,0,0,0,0,0
high,Methanolroute,Captured CO2 and H2 via methanol-to-propylene,2026,Methanolroute,4749.9949903088445,0,4749.9949903088445,408.83683483404496,140.58,0.31913,127.07,40.5518491,1153.16,0,3006.8663063748,0,0,0,0,0
high,Methanolroute,Captured CO2 and H2 via methanol-to-propylene,2027,Methanolroute,4718.308644341864,0,4718.308644341864,408.83683483404496,140.58,0.31913,145.3,46.369589000000005,1175.86,0,2946.66222050782,0,0,0,0,0
high,Methanolroute,Captured CO2 and H2 via methanol-to-propylene,2028,Methanolroute,4530.897621012914,0,4530.897621012914,408.83683483404496,140.58,0.31913,163.54,52.1905202,1039.66,0,2889.63026597887,0,0,0,0,0
high,Methanolroute,Captured CO2 and H2 via methanol-to-propylene,2029,Methanolroute,4397.100779832835,0,4397.100779832835,408.83683483404496,140.58,0.31913,181.77,58.00826010000001,953.4,0,2836.2756848987897,0,0,0,0,0
high,Methanolroute,Captured CO2 and H2 via methanol-to-propylene,2030,Methanolroute,4288.253859149545,0,4288.253859149545,408.83683483404496,140.58,0.31913,200,63.82600000000001,885.3,0,2789.7110243155003,0,0,0,0,0
high,Methanolroute,Captured CO2 and H2 via methanol-to-propylene,2031,Methanolroute,4230.740140240414,0,4230.740140240414,408.83683483404496,140.58,0.31913,220,70.2086,863.7349999999999,0,2747.37970540637,0,0,0,0,0
high,Methanolroute,Captured CO2 and H2 via methanol-to-propylene,2032,Methanolroute,4169.967193640555,0,4169.967193640555,408.83683483404496,140.58,0.31913,240,76.5912,875.0849999999999,0,2668.87415880651,0,0,0,0,0
high,Methanolroute,Captured CO2 and H2 via methanol-to-propylene,2033,Methanolroute,4203.5897936405545,0,4203.5897936405545,408.83683483404496,140.58,0.31913,260,82.97380000000001,902.325,0,2668.87415880651,0,0,0,0,0
high,Methanolroute,Captured CO2 and H2 via methanol-to-propylene,2034,Methanolroute,4221.322393640554,0,4221.322393640554,408.83683483404496,140.58,0.31913,280,89.35640000000001,913.675,0,2668.87415880651,0,0,0,0,0
high,Methanolroute,Captured CO2 and H2 via methanol-to-propylene,2035,Methanolroute,4064.555447529565,0,4064.555447529565,408.83683483404496,140.58,0.31913,300,95.739,910.27,0,2509.12961269552,0,0,0,0,0
high,Methanolroute,Captured CO2 and H2 via methanol-to-propylene,2036,Methanolroute,4036.746461591185,0,4036.746461591185,408.83683483404496,140.58,0.31913,320,102.1216,901.19,0,2484.01802675714,0,0,0,0,0
high,Methanolroute,Captured CO2 and H2 via methanol-to-propylene,2037,Methanolroute,4005.532475157215,0,4005.532475157215,408.83683483404496,140.58,0.31913,340,108.50420000000001,888.7049999999999,0,2458.90644032317,0,0,0,0,0
high,Methanolroute,Captured CO2 and H2 via methanol-to-propylene,2038,Methanolroute,3967.508489218835,0,3967.508489218835,408.83683483404496,140.58,0.31913,360,114.88680000000001,869.4099999999999,0,2433.79485438479,0,0,0,0,0
high,Methanolroute,Captured CO2 and H2 via methanol-to-propylene,2039,Methanolroute,3929.484503280456,0,3929.484503280456,408.83683483404496,140.58,0.31913,380,121.2694,850.115,0,2408.6832684464102,0,0,0,0,0
high,Methanolroute,Captured CO2 and H2 via methanol-to-propylene,2040,Methanolroute,3891.460516846485,0,3891.460516846485,408.83683483404496,140.58,0.31913,400,127.65200000000002,830.82,0,2383.5716820124403,0,0,0,0,0
high,Methanolroute,Captured CO2 and H2 via methanol-to-propylene,2041,Methanolroute,3854.1088746483247,0,3854.1088746483247,408.83683483404496,140.58,0.31913,420,134.0346,824.0099999999999,0,2346.64743981428,0,0,0,0,0
high,Methanolroute,Captured CO2 and H2 via methanol-to-propylene,2042,Methanolroute,3816.757232450165,0,3816.757232450165,408.83683483404496,140.58,0.31913,440,140.4172,817.1999999999999,0,2309.72319761612,0,0,0,0,0
high,Methanolroute,Captured CO2 and H2 via methanol-to-propylene,2043,Methanolroute,3780.540590252005,0,3780.540590252005,408.83683483404496,140.58,0.31913,460,146.7998,811.525,0,2272.79895541796,0,0,0,0,0
high,Methanolroute,Captured CO2 and H2 via methanol-to-propylene,2044,Methanolroute,3736.3789480538444,0,3736.3789480538444,408.83683483404496,140.58,0.31913,480,153.1824,797.905,0,2235.8747132198,0,0,0,0,0
high,Methanolroute,Captured CO2 and H2 via methanol-to-propylene,2045,Methanolroute,3700.162305855685,0,3700.162305855685,408.83683483404496,140.58,0.31913,500,159.56500000000003,792.2299999999999,0,2198.95047102164,0,0,0,0,0
high,Fischer-Tropsch,Captured CO2 and H2 via Fischer-Tropsch and electric steam cracking,2025,FT-Route,4383.7027733859595,0,4383.7027733859595,369.05937632589945,126.98,0.21594,108.84,23.5029096,960.426588,0,2903.73389946006,0,0,0,0,0
high,Fischer-Tropsch,Captured CO2 and H2 via Fischer-Tropsch and electric steam cracking,2026,FT-Route,4248.6656590335,0,4248.6656590335,369.05937632589945,126.98,0.21594,127.07,27.439495799999996,880.679976,0,2844.5068109076,0,0,0,0,0
high,Fischer-Tropsch,Captured CO2 and H2 via Fischer-Tropsch and electric steam cracking,2027,FT-Route,4212.9851740512395,0,4212.9851740512395,369.05937632589945,126.98,0.21594,145.3,31.376082,898.016196,0,2787.55351972534,0,0,0,0,0
high,Fischer-Tropsch,Captured CO2 and H2 via Fischer-Tropsch and electric steam cracking,2028,FT-Route,4058.9541566200896,0,4058.9541566200896,369.05937632589945,126.98,0.21594,163.54,35.314827599999994,793.998876,0,2733.60107669419,0,0,0,0,0
high,Fischer-Tropsch,Captured CO2 and H2 via Fischer-Tropsch and electric steam cracking,2029,FT-Route,3946.539472873129,0,3946.539472873129,369.05937632589945,126.98,0.21594,181.77,39.2514138,728.1212400000001,0,2683.12744274723,0,0,0,0,0
high,Fischer-Tropsch,Captured CO2 and H2 via Fischer-Tropsch and electric steam cracking,2030,FT-Route,3854.4170553994,0,3854.4170553994,369.05937632589945,126.98,0.21594,200,43.187999999999995,676.11258,0,2639.0770990735,0,0,0,0,0
high,Fischer-Tropsch,Captured CO2 and H2 via Fischer-Tropsch and electric steam cracking,2031,FT-Route,3802.2208598375896,0,3802.2208598375896,369.05937632589945,126.98,0.21594,220,47.5068,659.6431709999999,0,2599.03151251169,0,0,0,0,0
high,Fischer-Tropsch,Captured CO2 and H2 via Fischer-Tropsch and electric steam cracking,2032,FT-Route,3740.9412281147693,0,3740.9412281147693,369.05937632589945,126.98,0.21594,240,51.8256,668.311281,0,2524.76497078887,0,0,0,0,0
high,Fischer-Tropsch,Captured CO2 and H2 via Fischer-Tropsch and electric steam cracking,2033,FT-Route,3766.06349211477,0,3766.06349211477,369.05937632589945,126.98,0.21594,260,56.1444,689.1147450000001,0,2524.76497078887,0,0,0,0,0
high,Fischer-Tropsch,Captured CO2 and H2 via Fischer-Tropsch and electric steam cracking,2034,FT-Route,3779.050402114769,0,3779.050402114769,369.05937632589945,126.98,0.21594,280,60.4632,697.782855,0,2524.76497078887,0,0,0,0,0
high,Fischer-Tropsch,Captured CO2 and H2 via Fischer-Tropsch and electric steam cracking,2035,FT-Route,3629.64982895614,0,3629.64982895614,369.05937632589945,126.98,0.21594,300,64.782,695.1824220000001,0,2373.64603063024,0,0,0,0,0
high,Fischer-Tropsch,Captured CO2 and H2 via Fischer-Tropsch and electric steam cracking,2036,FT-Route,3603.27848641208,0,3603.27848641208,369.05937632589945,126.98,0.21594,320,69.10079999999999,688.2479340000001,0,2349.89037608618,0,0,0,0,0
high,Fischer-Tropsch,Captured CO2 and H2 via Fischer-Tropsch and electric steam cracking,2037,FT-Route,3574.30671039919,0,3574.30671039919,369.05937632589945,126.98,0.21594,340,73.4196,678.713013,0,2326.13472107329,0,0,0,0,0
high,Fischer-Tropsch,Captured CO2 and H2 via Fischer-Tropsch and electric steam cracking,2038,FT-Route,3540.1340688551295,0,3540.1340688551295,369.05937632589945,126.98,0.21594,360,77.7384,663.977226,0,2302.37906652923,0,0,0,0,0
high,Fischer-Tropsch,Captured CO2 and H2 via Fischer-Tropsch and electric steam cracking,2039,FT-Route,3505.961427311069,0,3505.961427311069,369.05937632589945,126.98,0.21594,380,82.0572,649.2414390000001,0,2278.62341198517,0,0,0,0,0
high,Fischer-Tropsch,Captured CO2 and H2 via Fischer-Tropsch and electric steam cracking,2040,FT-Route,3471.7887852981803,0,3471.7887852981803,369.05937632589945,126.98,0.21594,400,86.37599999999999,634.505652,0,2254.86775697228,0,0,0,0,0
high,Fischer-Tropsch,Captured CO2 and H2 via Fischer-Tropsch and electric steam cracking,2041,FT-Route,3435.9762475982598,0,3435.9762475982598,369.05937632589945,126.98,0.21594,420,90.6948,629.304786,0,2219.93728527236,0,0,0,0,0
high,Fischer-Tropsch,Captured CO2 and H2 via Fischer-Tropsch and electric steam cracking,2042,FT-Route,3400.163709898339,0,3400.163709898339,369.05937632589945,126.98,0.21594,440,95.0136,624.10392,0,2185.00681357244,0,0,0,0,0
high,Fischer-Tropsch,Captured CO2 and H2 via Fischer-Tropsch and electric steam cracking,2043,FT-Route,3365.21798319842,0,3365.21798319842,369.05937632589945,126.98,0.21594,460,99.33239999999999,619.769865,0,2150.07634187252,0,0,0,0,0
high,Fischer-Tropsch,Captured CO2 and H2 via Fischer-Tropsch and electric steam cracking,2044,FT-Route,3324.204579498499,0,3324.204579498499,369.05937632589945,126.98,0.21594,480,103.6512,609.3681330000001,0,2115.1458701726,0,0,0,0,0
high,Fischer-Tropsch,Captured CO2 and H2 via Fischer-Tropsch and electric steam cracking,2045,FT-Route,3289.25885279858,0,3289.25885279858,369.05937632589945,126.98,0.21594,500,107.97,605.034078,0,2080.21539847268,0,0,0,0,0
high,Biomethanol,Dry biomass via biomethanol-to-propylene,2025,Biomethanol,1932.871035125017,0,1932.871035125017,441.4874351250169,151.89,0.2,108.84,21.768,876.428,0,0,0,0,441.2976000000001,0,0
high,Biomethanol,Dry biomass via biomethanol-to-propylene,2026,Biomethanol,1863.745035125017,0,1863.745035125017,441.4874351250169,151.89,0.2,127.07,25.414,803.656,0,0,0,0,441.2976000000001,0,0
high,Biomethanol,Dry biomass via biomethanol-to-propylene,2027,Biomethanol,1883.2110351250167,0,1883.2110351250167,441.4874351250169,151.89,0.2,145.3,29.060000000000002,819.476,0,0,0,0,441.2976000000001,0,0
high,Biomethanol,Dry biomass via biomethanol-to-propylene,2028,Biomethanol,1791.939035125017,0,1791.939035125017,441.4874351250169,151.89,0.2,163.54,32.708,724.5559999999999,0,0,0,0,441.2976000000001,0,0
high,Biomethanol,Dry biomass via biomethanol-to-propylene,2029,Biomethanol,1735.4690351250172,0,1735.4690351250172,441.4874351250169,151.89,0.2,181.77,36.354000000000006,664.44,0,0,0,0,441.2976000000001,0,0
high,Biomethanol,Dry biomass via biomethanol-to-propylene,2030,Biomethanol,1691.655035125017,0,1691.655035125017,441.4874351250169,151.89,0.2,200,40,616.98,0,0,0,0,441.2976000000001,0,0
high,Biomethanol,Dry biomass via biomethanol-to-propylene,2031,Biomethanol,1680.626035125017,0,1680.626035125017,441.4874351250169,151.89,0.2,220,44,601.951,0,0,0,0,441.2976000000001,0,0
high,Biomethanol,Dry biomass via biomethanol-to-propylene,2032,Biomethanol,1692.536035125017,0,1692.536035125017,441.4874351250169,151.89,0.2,240,48,609.861,0,0,0,0,441.2976000000001,0,0
high,Biomethanol,Dry biomass via biomethanol-to-propylene,2033,Biomethanol,1715.5200351250169,0,1715.5200351250169,441.4874351250169,151.89,0.2,260,52,628.845,0,0,0,0,441.2976000000001,0,0
high,Biomethanol,Dry biomass via biomethanol-to-propylene,2034,Biomethanol,1727.4300351250167,0,1727.4300351250167,441.4874351250169,151.89,0.2,280,56,636.755,0,0,0,0,441.2976000000001,0,0
high,Biomethanol,Dry biomass via biomethanol-to-propylene,2035,Biomethanol,1729.0570351250171,0,1729.0570351250171,441.4874351250169,151.89,0.2,300,60,634.3820000000001,0,0,0,0,441.2976000000001,0,0
high,Biomethanol,Dry biomass via biomethanol-to-propylene,2036,Biomethanol,1726.7290351250172,0,1726.7290351250172,441.4874351250169,151.89,0.2,320,64,628.0540000000001,0,0,0,0,441.2976000000001,0,0
high,Biomethanol,Dry biomass via biomethanol-to-propylene,2037,Biomethanol,1722.028035125017,0,1722.028035125017,441.4874351250169,151.89,0.2,340,68,619.353,0,0,0,0,441.2976000000001,0,0
high,Biomethanol,Dry biomass via biomethanol-to-propylene,2038,Biomethanol,1712.581035125017,0,1712.581035125017,441.4874351250169,151.89,0.2,360,72,605.906,0,0,0,0,441.2976000000001,0,0
high,Biomethanol,Dry biomass via biomethanol-to-propylene,2039,Biomethanol,1703.134035125017,0,1703.134035125017,441.4874351250169,151.89,0.2,380,76,592.4590000000001,0,0,0,0,441.2976000000001,0,0
high,Biomethanol,Dry biomass via biomethanol-to-propylene,2040,Biomethanol,1693.6870351250168,0,1693.6870351250168,441.4874351250169,151.89,0.2,400,80,579.0120000000001,0,0,0,0,441.2976000000001,0,0
high,Biomethanol,Dry biomass via biomethanol-to-propylene,2041,Biomethanol,1692.9410351250167,0,1692.9410351250167,441.4874351250169,151.89,0.2,420,84,574.266,0,0,0,0,441.2976000000001,0,0
high,Biomethanol,Dry biomass via biomethanol-to-propylene,2042,Biomethanol,1692.195035125017,0,1692.195035125017,441.4874351250169,151.89,0.2,440,88,569.52,0,0,0,0,441.2976000000001,0,0
high,Biomethanol,Dry biomass via biomethanol-to-propylene,2043,Biomethanol,1692.2400351250171,0,1692.2400351250171,441.4874351250169,151.89,0.2,460,92,565.565,0,0,0,0,441.2976000000001,0,0
high,Biomethanol,Dry biomass via biomethanol-to-propylene,2044,Biomethanol,1686.748035125017,0,1686.748035125017,441.4874351250169,151.89,0.2,480,96,556.073,0,0,0,0,441.2976000000001,0,0
high,Biomethanol,Dry biomass via biomethanol-to-propylene,2045,Biomethanol,1686.793035125017,0,1686.793035125017,441.4874351250169,151.89,0.2,500,100,552.1179999999999,0,0,0,0,441.2976000000001,0,0
high,Renewable Naphtha E-Steamcracker,Renewable naphtha via electric steam cracking,2025,eSteamcracker_Renewable_Naphtha,2228.4519427781047,0,2228.4519427781047,196.93594277810507,67.77,0.2,108.84,21.768,571.728,0,0,0,0,0,1370.2499999999998,0
high,Renewable Naphtha E-Steamcracker,Renewable naphtha via electric steam cracking,2026,eSteamcracker_Renewable_Naphtha,2184.6259427781047,0,2184.6259427781047,196.93594277810507,67.77,0.2,127.07,25.414,524.256,0,0,0,0,0,1370.2499999999998,0
high,Renewable Naphtha E-Steamcracker,Renewable naphtha via electric steam cracking,2027,eSteamcracker_Renewable_Naphtha,2198.5919427781046,0,2198.5919427781046,196.93594277810507,67.77,0.2,145.3,29.060000000000002,534.576,0,0,0,0,0,1370.2499999999998,0
high,Renewable Naphtha E-Steamcracker,Renewable naphtha via electric steam cracking,2028,eSteamcracker_Renewable_Naphtha,2140.3199427781046,0,2140.3199427781046,196.93594277810507,67.77,0.2,163.54,32.708,472.656,0,0,0,0,0,1370.2499999999998,0
high,Renewable Naphtha E-Steamcracker,Renewable naphtha via electric steam cracking,2029,eSteamcracker_Renewable_Naphtha,2104.749942778105,0,2104.749942778105,196.93594277810507,67.77,0.2,181.77,36.354000000000006,433.44,0,0,0,0,0,1370.2499999999998,0
high,Renewable Naphtha E-Steamcracker,Renewable naphtha via electric steam cracking,2030,eSteamcracker_Renewable_Naphtha,2077.4359427781046,0,2077.4359427781046,196.93594277810507,67.77,0.2,200,40,402.48,0,0,0,0,0,1370.2499999999998,0
high,Renewable Naphtha E-Steamcracker,Renewable naphtha via electric steam cracking,2031,eSteamcracker_Renewable_Naphtha,2071.6319427781045,0,2071.6319427781045,196.93594277810507,67.77,0.2,220,44,392.676,0,0,0,0,0,1370.2499999999998,0
high,Renewable Naphtha E-Steamcracker,Renewable naphtha via electric steam cracking,2032,eSteamcracker_Renewable_Naphtha,2080.791942778105,0,2080.791942778105,196.93594277810507,67.77,0.2,240,48,397.83599999999996,0,0,0,0,0,1370.2499999999998,0
high,Renewable Naphtha E-Steamcracker,Renewable naphtha via electric steam cracking,2033,eSteamcracker_Renewable_Naphtha,2097.175942778105,0,2097.175942778105,196.93594277810507,67.77,0.2,260,52,410.22,0,0,0,0,0,1370.2499999999998,0
high,Renewable Naphtha E-Steamcracker,Renewable naphtha via electric steam cracking,2034,eSteamcracker_Renewable_Naphtha,2106.3359427781047,0,2106.3359427781047,196.93594277810507,67.77,0.2,280,56,415.38,0,0,0,0,0,1370.2499999999998,0
high,Renewable Naphtha E-Steamcracker,Renewable naphtha via electric steam cracking,2035,eSteamcracker_Renewable_Naphtha,2108.787942778105,0,2108.787942778105,196.93594277810507,67.77,0.2,300,60,413.83200000000005,0,0,0,0,0,1370.2499999999998,0
high,Renewable Naphtha E-Steamcracker,Renewable naphtha via electric steam cracking,2036,eSteamcracker_Renewable_Naphtha,2108.659942778105,0,2108.659942778105,196.93594277810507,67.77,0.2,320,64,409.70400000000006,0,0,0,0,0,1370.2499999999998,0
high,Renewable Naphtha E-Steamcracker,Renewable naphtha via electric steam cracking,2037,eSteamcracker_Renewable_Naphtha,2106.983942778105,0,2106.983942778105,196.93594277810507,67.77,0.2,340,68,404.028,0,0,0,0,0,1370.2499999999998,0
high,Renewable Naphtha E-Steamcracker,Renewable naphtha via electric steam cracking,2038,eSteamcracker_Renewable_Naphtha,2102.211942778105,0,2102.211942778105,196.93594277810507,67.77,0.2,360,72,395.256,0,0,0,0,0,1370.2499999999998,0
high,Renewable Naphtha E-Steamcracker,Renewable naphtha via electric steam cracking,2039,eSteamcracker_Renewable_Naphtha,2097.439942778105,0,2097.439942778105,196.93594277810507,67.77,0.2,380,76,386.48400000000004,0,0,0,0,0,1370.2499999999998,0
high,Renewable Naphtha E-Steamcracker,Renewable naphtha via electric steam cracking,2040,eSteamcracker_Renewable_Naphtha,2092.6679427781046,0,2092.6679427781046,196.93594277810507,67.77,0.2,400,80,377.71200000000005,0,0,0,0,0,1370.2499999999998,0
high,Renewable Naphtha E-Steamcracker,Renewable naphtha via electric steam cracking,2041,eSteamcracker_Renewable_Naphtha,2093.571942778105,0,2093.571942778105,196.93594277810507,67.77,0.2,420,84,374.616,0,0,0,0,0,1370.2499999999998,0
high,Renewable Naphtha E-Steamcracker,Renewable naphtha via electric steam cracking,2042,eSteamcracker_Renewable_Naphtha,2094.4759427781046,0,2094.4759427781046,196.93594277810507,67.77,0.2,440,88,371.52,0,0,0,0,0,1370.2499999999998,0
high,Renewable Naphtha E-Steamcracker,Renewable naphtha via electric steam cracking,2043,eSteamcracker_Renewable_Naphtha,2095.8959427781047,0,2095.8959427781047,196.93594277810507,67.77,0.2,460,92,368.94,0,0,0,0,0,1370.2499999999998,0
high,Renewable Naphtha E-Steamcracker,Renewable naphtha via electric steam cracking,2044,eSteamcracker_Renewable_Naphtha,2093.7039427781046,0,2093.7039427781046,196.93594277810507,67.77,0.2,480,96,362.748,0,0,0,0,0,1370.2499999999998,0
high,Renewable Naphtha E-Steamcracker,Renewable naphtha via electric steam cracking,2045,eSteamcracker_Renewable_Naphtha,2095.1239427781047,0,2095.1239427781047,196.93594277810507,67.77,0.2,500,100,360.168,0,0,0,0,0,1370.2499999999998,0
high,Renewable Propane PDH,Renewable propane via conventional PDH,2025,Renewable_Propane_PDH,2124.294132056426,0,2124.294132056426,117.32799205642624,93,1.18,108.84,128.4312,80.884,271.85094,0,0,0,0,0,1432.8
high,Renewable Propane PDH,Renewable propane via conventional PDH,2026,Renewable_Propane_PDH,2092.846092056426,0,2092.846092056426,117.32799205642624,93,1.18,127.07,149.94259999999997,74.16799999999999,225.60750000000002,0,0,0,0,0,1432.8
high,Renewable Propane PDH,Renewable propane via conventional PDH,2027,Renewable_Propane_PDH,2096.451832056426,0,2096.451832056426,117.32799205642624,93,1.18,145.3,171.454,75.628,206.24184,0,0,0,0,0,1432.8
high,Renewable Propane PDH,Renewable propane via conventional PDH,2028,Renewable_Propane_PDH,2091.1176520564263,0,2091.1176520564263,117.32799205642624,93,1.18,163.54,192.97719999999998,66.868,188.14446,0,0,0,0,0,1432.8
high,Renewable Propane PDH,Renewable propane via conventional PDH,2029,Renewable_Propane_PDH,2087.617832056426,0,2087.617832056426,117.32799205642624,93,1.18,181.77,214.4886,61.32,168.68124,0,0,0,0,0,1432.8
high,Renewable Propane PDH,Renewable propane via conventional PDH,2030,Renewable_Propane_PDH,2085.334792056426,0,2085.334792056426,117.32799205642624,93,1.18,200,236,56.94,149.26680000000002,0,0,0,0,0,1432.8
high,Renewable Propane PDH,Renewable propane via conventional PDH,2031,Renewable_Propane_PDH,2102.279552056426,0,2102.279552056426,117.32799205642624,93,1.18,220,259.59999999999997,55.553,143.99856,0,0,0,0,0,1432.8
high,Renewable Propane PDH,Renewable propane via conventional PDH,2032,Renewable_Propane_PDH,2124.999812056426,0,2124.999812056426,117.32799205642624,93,1.18,240,283.2,56.282999999999994,142.38882,0,0,0,0,0,1432.8
high,Renewable Propane PDH,Renewable propane via conventional PDH,2033,Renewable_Propane_PDH,2148.742072056426,0,2148.742072056426,117.32799205642624,93,1.18,260,306.8,58.035,140.77908,0,0,0,0,0,1432.8
high,Renewable Propane PDH,Renewable propane via conventional PDH,2034,Renewable_Propane_PDH,2171.511112056426,0,2171.511112056426,117.32799205642624,93,1.18,280,330.4,58.765,139.21812,0,0,0,0,0,1432.8
high,Renewable Propane PDH,Renewable propane via conventional PDH,2035,Renewable_Propane_PDH,2193.331152056426,0,2193.331152056426,117.32799205642624,93,1.18,300,354,58.546,137.65716,0,0,0,0,0,1432.8
high,Renewable Propane PDH,Renewable propane via conventional PDH,2036,Renewable_Propane_PDH,2214.834972056426,0,2214.834972056426,117.32799205642624,93,1.18,320,377.59999999999997,57.962,136.14498,0,0,0,0,0,1432.8
high,Renewable Propane PDH,Renewable propane via conventional PDH,2037,Renewable_Propane_PDH,2236.1197920564264,0,2236.1197920564264,117.32799205642624,93,1.18,340,401.2,57.159,134.6328,0,0,0,0,0,1432.8
high,Renewable Propane PDH,Renewable propane via conventional PDH,2038,Renewable_Propane_PDH,2257.015392056426,0,2257.015392056426,117.32799205642624,93,1.18,360,424.79999999999995,55.91799999999999,133.1694,0,0,0,0,0,1432.8
high,Renewable Propane PDH,Renewable propane via conventional PDH,2039,Renewable_Propane_PDH,2277.862212056426,0,2277.862212056426,117.32799205642624,93,1.18,380,448.4,54.677,131.65722,0,0,0,0,0,1432.8
high,Renewable Propane PDH,Renewable propane via conventional PDH,2040,Renewable_Propane_PDH,2298.7578120564262,0,2298.7578120564262,117.32799205642624,93,1.18,400,472,53.436,130.19382000000002,0,0,0,0,0,1432.8
high,Renewable Propane PDH,Renewable propane via conventional PDH,2041,Renewable_Propane_PDH,2321.968592056426,0,2321.968592056426,117.32799205642624,93,1.18,420,495.59999999999997,52.998,130.2426,0,0,0,0,0,1432.8
high,Renewable Propane PDH,Renewable propane via conventional PDH,2042,Renewable_Propane_PDH,2345.472052056426,0,2345.472052056426,117.32799205642624,93,1.18,440,519.1999999999999,52.56,130.58406,0,0,0,0,0,1432.8
high,Renewable Propane PDH,Renewable propane via conventional PDH,2043,Renewable_Propane_PDH,2369.0485120564263,0,2369.0485120564263,117.32799205642624,93,1.18,460,542.8,52.195,130.92552,0,0,0,0,0,1432.8
high,Renewable Propane PDH,Renewable propane via conventional PDH,2044,Renewable_Propane_PDH,2392.162752056426,0,2392.162752056426,117.32799205642624,93,1.18,480,566.4,51.318999999999996,131.31576,0,0,0,0,0,1432.8
high,Renewable Propane PDH,Renewable propane via conventional PDH,2045,Renewable_Propane_PDH,2415.7392120564264,0,2415.7392120564264,117.32799205642624,93,1.18,500,590,50.95399999999999,131.65722,0,0,0,0,0,1432.8
low,Steamcracker Naphtha,Fossil naphtha via conventional steam cracking,2025,Steamcracker_Naphtha,1315.3823427781047,252.0478,1567.4301427781047,196.93594277810507,67.77,1.57,80.27,126.0239,56.508,259.1445,0,608.9999999999999,0,0,0,0
low,Steamcracker Naphtha,Fossil naphtha via conventional steam cracking,2026,Steamcracker_Naphtha,1272.809842778105,264.4508,1537.260642778105,196.93594277810507,67.77,1.57,84.22,132.2254,51.816,215.06250000000003,0,608.9999999999999,0,0,0,0
low,Steamcracker Naphtha,Fossil naphtha via conventional steam cracking,2027,Steamcracker_Naphtha,1261.555142778105,276.8224,1538.377542778105,196.93594277810507,67.77,1.57,88.16,138.4112,52.836,196.60200000000003,0,608.9999999999999,0,0,0,0
low,Steamcracker Naphtha,Fossil naphtha via conventional steam cracking,2028,Steamcracker_Naphtha,1244.385142778105,289.22540000000004,1533.610542778105,196.93594277810507,67.77,1.57,92.11,144.61270000000002,46.716,179.3505,0,608.9999999999999,0,0,0,0
low,Steamcracker Naphtha,Fossil naphtha via conventional steam cracking,2029,Steamcracker_Naphtha,1228.141442778105,301.597,1529.7384427781049,196.93594277810507,67.77,1.57,96.05,150.7985,42.84,160.797,0,608.9999999999999,0,0,0,0
low,Steamcracker Naphtha,Fossil naphtha via conventional steam cracking,2030,Steamcracker_Naphtha,1212.775942778105,314,1526.775942778105,196.93594277810507,67.77,1.57,100,157,39.78,142.29000000000002,0,608.9999999999999,0,0,0,0
low,Steamcracker Naphtha,Fossil naphtha via conventional steam cracking,2031,Steamcracker_Naphtha,1219.3449427781047,339.12,1558.4649427781048,196.93594277810507,67.77,1.57,108,169.56,38.811,137.268,0,608.9999999999999,0,0,0,0
low,Steamcracker Naphtha,Fossil naphtha via conventional steam cracking,2032,Steamcracker_Naphtha,1230.8804427781051,364.24,1595.120442778105,196.93594277810507,67.77,1.57,116,182.12,39.321,135.73350000000002,0,608.9999999999999,0,0,0,0
low,Steamcracker Naphtha,Fossil naphtha via conventional steam cracking,2033,Steamcracker_Naphtha,1243.1299427781048,389.36,1632.489942778105,196.93594277810507,67.77,1.57,124,194.68,40.545,134.199,0,608.9999999999999,0,0,0,0
low,Steamcracker Naphtha,Fossil naphtha via conventional steam cracking,2034,Steamcracker_Naphtha,1254.711942778105,414.48,1669.191942778105,196.93594277810507,67.77,1.57,132,207.24,41.055,132.711,0,608.9999999999999,0,0,0,0
low,Steamcracker Naphtha,Fossil naphtha via conventional steam cracking,2035,Steamcracker_Naphtha,1265.630942778105,439.6,1705.230942778105,196.93594277810507,67.77,1.57,140,219.8,40.902,131.223,0,608.9999999999999,0,0,0,0
low,Steamcracker Naphtha,Fossil naphtha via conventional steam cracking,2036,Steamcracker_Naphtha,1273.2014427781048,458.44,1731.6414427781049,196.93594277810507,67.77,1.57,146,229.22,40.49400000000001,129.78150000000002,0,608.9999999999999,0,0,0,0
low,Steamcracker Naphtha,Fossil naphtha via conventional steam cracking,2037,Steamcracker_Naphtha,1280.618942778105,477.28,1757.898942778105,196.93594277810507,67.77,1.57,152,238.64000000000001,39.933,128.34,0,608.9999999999999,0,0,0,0
low,Steamcracker Naphtha,Fossil naphtha via conventional steam cracking,2038,Steamcracker_Naphtha,1287.776942778105,496.12,1783.8969427781049,196.93594277810507,67.77,1.57,158,248.06,39.066,126.945,0,608.9999999999999,0,0,0,0
low,Steamcracker Naphtha,Fossil naphtha via conventional steam cracking,2039,Steamcracker_Naphtha,1294.8884427781052,514.96,1809.8484427781052,196.93594277810507,67.77,1.57,164,257.48,38.199000000000005,125.5035,0,608.9999999999999,0,0,0,0
low,Steamcracker Naphtha,Fossil naphtha via conventional steam cracking,2040,Steamcracker_Naphtha,1302.0464427781048,533.8000000000001,1835.846442778105,196.93594277810507,67.77,1.57,170,266.90000000000003,37.332,124.10850000000002,0,608.9999999999999,0,0,0,0
low,Steamcracker Naphtha,Fossil naphtha via conventional steam cracking,2041,Steamcracker_Naphtha,1311.206942778105,552.64,1863.846942778105,196.93594277810507,67.77,1.57,176,276.32,37.026,124.155,0,608.9999999999999,0,0,0,0
low,Steamcracker Naphtha,Fossil naphtha via conventional steam cracking,2042,Steamcracker_Naphtha,1320.646442778105,571.48,1892.126442778105,196.93594277810507,67.77,1.57,182,285.74,36.72,124.4805,0,608.9999999999999,0,0,0,0
low,Steamcracker Naphtha,Fossil naphtha via conventional steam cracking,2043,Steamcracker_Naphtha,1330.1369427781049,590.32,1920.456942778105,196.93594277810507,67.77,1.57,188,295.16,36.465,124.806,0,608.9999999999999,0,0,0,0
low,Steamcracker Naphtha,Fossil naphtha via conventional steam cracking,2044,Steamcracker_Naphtha,1339.316942778105,609.16,1948.4769427781048,196.93594277810507,67.77,1.57,194,304.58,35.853,125.178,0,608.9999999999999,0,0,0,0
low,Steamcracker Naphtha,Fossil naphtha via conventional steam cracking,2045,Steamcracker_Naphtha,1348.807442778105,628,1976.807442778105,196.93594277810507,67.77,1.57,200,314,35.598,125.5035,0,608.9999999999999,0,0,0,0
low,E-Steamcracker Naphtha,Fossil naphtha via electric steam cracking,2025,eSteamcracker_Naphtha,1461.487942778105,252.0478,1713.535742778105,196.93594277810507,67.77,0.2,80.27,16.054,571.728,0,0,608.9999999999999,0,0,0,0
low,E-Steamcracker Naphtha,Fossil naphtha via electric steam cracking,2026,eSteamcracker_Naphtha,1414.805942778105,264.4508,1679.256742778105,196.93594277810507,67.77,0.2,84.22,16.844,524.256,0,0,608.9999999999999,0,0,0,0
low,E-Steamcracker Naphtha,Fossil naphtha via electric steam cracking,2027,eSteamcracker_Naphtha,1425.9139427781051,276.8224,1702.7363427781052,196.93594277810507,67.77,0.2,88.16,17.632,534.576,0,0,608.9999999999999,0,0,0,0
low,E-Steamcracker Naphtha,Fossil naphtha via electric steam cracking,2028,eSteamcracker_Naphtha,1364.783942778105,289.22540000000004,1654.009342778105,196.93594277810507,67.77,0.2,92.11,18.422,472.656,0,0,608.9999999999999,0,0,0,0
low,E-Steamcracker Naphtha,Fossil naphtha via electric steam cracking,2029,eSteamcracker_Naphtha,1326.355942778105,301.597,1627.952942778105,196.93594277810507,67.77,0.2,96.05,19.21,433.44,0,0,608.9999999999999,0,0,0,0
low,E-Steamcracker Naphtha,Fossil naphtha via electric steam cracking,2030,eSteamcracker_Naphtha,1296.185942778105,314,1610.185942778105,196.93594277810507,67.77,0.2,100,20,402.48,0,0,608.9999999999999,0,0,0,0
low,E-Steamcracker Naphtha,Fossil naphtha via electric steam cracking,2031,eSteamcracker_Naphtha,1287.981942778105,339.12,1627.1019427781048,196.93594277810507,67.77,0.2,108,21.6,392.676,0,0,608.9999999999999,0,0,0,0
low,E-Steamcracker Naphtha,Fossil naphtha via electric steam cracking,2032,eSteamcracker_Naphtha,1294.7419427781049,364.24,1658.981942778105,196.93594277810507,67.77,0.2,116,23.200000000000003,397.836,0,0,608.9999999999999,0,0,0,0
low,E-Steamcracker Naphtha,Fossil naphtha via electric steam cracking,2033,eSteamcracker_Naphtha,1308.7259427781048,389.36,1698.085942778105,196.93594277810507,67.77,0.2,124,24.8,410.22,0,0,608.9999999999999,0,0,0,0
low,E-Steamcracker Naphtha,Fossil naphtha via electric steam cracking,2034,eSteamcracker_Naphtha,1315.485942778105,414.48,1729.965942778105,196.93594277810507,67.77,0.2,132,26.400000000000002,415.38,0,0,608.9999999999999,0,0,0,0
low,E-Steamcracker Naphtha,Fossil naphtha via electric steam cracking,2035,eSteamcracker_Naphtha,1315.537942778105,439.6,1755.137942778105,196.93594277810507,67.77,0.2,140,28,413.8320000000001,0,0,608.9999999999999,0,0,0,0
low,E-Steamcracker Naphtha,Fossil naphtha via electric steam cracking,2036,eSteamcracker_Naphtha,1312.6099427781048,458.44,1771.0499427781049,196.93594277810507,67.77,0.2,146,29.200000000000003,409.70400000000006,0,0,608.9999999999999,0,0,0,0
low,E-Steamcracker Naphtha,Fossil naphtha via electric steam cracking,2037,eSteamcracker_Naphtha,1308.1339427781052,477.28,1785.4139427781051,196.93594277810507,67.77,0.2,152,30.400000000000002,404.028,0,0,608.9999999999999,0,0,0,0
low,E-Steamcracker Naphtha,Fossil naphtha via electric steam cracking,2038,eSteamcracker_Naphtha,1300.5619427781048,496.12,1796.6819427781047,196.93594277810507,67.77,0.2,158,31.6,395.256,0,0,608.9999999999999,0,0,0,0
low,E-Steamcracker Naphtha,Fossil naphtha via electric steam cracking,2039,eSteamcracker_Naphtha,1292.989942778105,514.96,1807.949942778105,196.93594277810507,67.77,0.2,164,32.800000000000004,386.484,0,0,608.9999999999999,0,0,0,0
low,E-Steamcracker Naphtha,Fossil naphtha via electric steam cracking,2040,eSteamcracker_Naphtha,1285.417942778105,533.8000000000001,1819.217942778105,196.93594277810507,67.77,0.2,170,34,377.7120000000001,0,0,608.9999999999999,0,0,0,0
low,E-Steamcracker Naphtha,Fossil naphtha via electric steam cracking,2041,eSteamcracker_Naphtha,1283.521942778105,552.64,1836.161942778105,196.93594277810507,67.77,0.2,176,35.2,374.616,0,0,608.9999999999999,0,0,0,0
low,E-Steamcracker Naphtha,Fossil naphtha via electric steam cracking,2042,eSteamcracker_Naphtha,1281.6259427781051,571.48,1853.1059427781051,196.93594277810507,67.77,0.2,182,36.4,371.52,0,0,608.9999999999999,0,0,0,0
low,E-Steamcracker Naphtha,Fossil naphtha via electric steam cracking,2043,eSteamcracker_Naphtha,1280.245942778105,590.32,1870.565942778105,196.93594277810507,67.77,0.2,188,37.6,368.94,0,0,608.9999999999999,0,0,0,0
low,E-Steamcracker Naphtha,Fossil naphtha via electric steam cracking,2044,eSteamcracker_Naphtha,1275.253942778105,609.16,1884.413942778105,196.93594277810507,67.77,0.2,194,38.800000000000004,362.748,0,0,608.9999999999999,0,0,0,0
low,E-Steamcracker Naphtha,Fossil naphtha via electric steam cracking,2045,eSteamcracker_Naphtha,1273.8739427781047,628,1901.8739427781047,196.93594277810507,67.77,0.2,200,40,360.168,0,0,608.9999999999999,0,0,0,0
low,Pyrolyse,PCW via pyrolysis and conventional steam cracking,2025,Pyrolyse_Steamcracker_Recycling,1441.665816111037,0,1441.665816111037,291.4347408878989,177.85,2.908,80.27,233.42515999999998,123.09326,323.7913,66.946355223138,0,225.125,0,0,0
low,Pyrolyse,PCW via pyrolysis and conventional steam cracking,2026,Pyrolyse_Steamcracker_Recycling,1386.4873798753788,0,1386.4873798753788,291.4347408878989,177.85,2.908,84.22,244.91176,112.87252,268.7125,65.58085898748,0,225.125,0,0,0
low,Pyrolyse,PCW via pyrolysis and conventional steam cracking,2027,Pyrolyse_Steamcracker_Recycling,1375.7880266411807,0,1375.7880266411807,291.4347408878989,177.85,2.908,88.16,256.36928,115.09442,245.6468,64.267785753282,0,225.125,0,0,0
low,Pyrolyse,PCW via pyrolysis and conventional steam cracking,2028,Pyrolyse_Steamcracker_Recycling,1351.144238757036,0,1351.144238757036,291.4347408878989,177.85,2.908,92.11,267.85588,101.76302,224.0917,63.023897869137,0,225.125,0,0,0
low,Pyrolyse,PCW via pyrolysis and conventional steam cracking,2029,Pyrolyse_Steamcracker_Recycling,1329.812955739028,0,1329.812955739028,291.4347408878989,177.85,2.908,96.05,279.3134,93.3198,200.9098,61.860214851128994,0,225.125,0,0,0
low,Pyrolyse,PCW via pyrolysis and conventional steam cracking,2030,Pyrolyse_Steamcracker_Recycling,1310.494463381949,0,1310.494463381949,291.4347408878989,177.85,2.908,100,290.8,86.65410000000001,177.786,60.84462249405,0,225.125,0,0,0
low,Pyrolyse,PCW via pyrolysis and conventional steam cracking,2031,Pyrolyse_Steamcracker_Recycling,1324.449596762286,0,1324.449596762286,291.4347408878989,177.85,2.908,108,314.06399999999996,84.543295,171.51119999999997,59.921360874387,0,225.125,0,0,0
low,Pyrolyse,PCW via pyrolysis and conventional steam cracking,2032,Pyrolyse_Steamcracker_Recycling,1345.1950119448,0,1345.1950119448,291.4347408878989,177.85,2.908,116,337.328,85.654245,169.5939,58.209126056901,0,225.125,0,0,0
low,Pyrolyse,PCW via pyrolysis and conventional steam cracking,2033,Pyrolyse_Steamcracker_Recycling,1369.2079919448001,0,1369.2079919448001,291.4347408878989,177.85,2.908,124,360.592,88.320525,167.67659999999998,58.209126056901,0,225.125,0,0,0
low,Pyrolyse,PCW via pyrolysis and conventional steam cracking,2034,Pyrolyse_Steamcracker_Recycling,1391.7237419448,0,1391.7237419448,291.4347408878989,177.85,2.908,132,383.856,89.431475,165.8174,58.209126056901,0,225.125,0,0,0
low,Pyrolyse,PCW via pyrolysis and conventional steam cracking,2035,Pyrolyse_Steamcracker_Recycling,1409.311169697451,0,1409.311169697451,291.4347408878989,177.85,2.908,140,407.12,89.09819000000002,163.95819999999998,54.725038809552,0,225.125,0,0,0
low,Pyrolyse,PCW via pyrolysis and conventional steam cracking,2036,Pyrolyse_Steamcracker_Recycling,1423.5216167811127,0,1423.5216167811127,291.4347408878989,177.85,2.908,146,424.568,88.20943000000001,162.1571,54.177345893214,0,225.125,0,0,0
low,Pyrolyse,PCW via pyrolysis and conventional steam cracking,2037,Pyrolyse_Steamcracker_Recycling,1437.398778853966,0,1437.398778853966,291.4347408878989,177.85,2.908,152,442.01599999999996,86.987385,160.356,53.629652966067,0,225.125,0,0,0
low,Pyrolyse,PCW via pyrolysis and conventional steam cracking,2038,Pyrolyse_Steamcracker_Recycling,1450.667470937628,0,1450.667470937628,291.4347408878989,177.85,2.908,158,459.464,85.09877,158.613,53.081960049729,0,225.125,0,0,0
low,Pyrolyse,PCW via pyrolysis and conventional steam cracking,2039,Pyrolyse_Steamcracker_Recycling,1463.87806302129,0,1463.87806302129,291.4347408878989,177.85,2.908,164,476.912,83.21015500000001,156.81189999999998,52.534267133391,0,225.125,0,0,0
low,Pyrolyse,PCW via pyrolysis and conventional steam cracking,2040,Pyrolyse_Steamcracker_Recycling,1477.146755094143,0,1477.146755094143,291.4347408878989,177.85,2.908,170,494.36,81.32154000000001,155.0689,51.986574206244,0,225.125,0,0,0
low,Pyrolyse,PCW via pyrolysis and conventional steam cracking,2041,Pyrolyse_Steamcracker_Recycling,1493.1809538043267,0,1493.1809538043267,291.4347408878989,177.85,2.908,176,511.808,80.65497,155.12699999999998,51.181242916428,0,225.125,0,0,0
low,Pyrolyse,PCW via pyrolysis and conventional steam cracking,2042,Pyrolyse_Steamcracker_Recycling,1509.5637525145107,0,1509.5637525145107,291.4347408878989,177.85,2.908,182,529.256,79.98840000000001,155.53369999999998,50.375911626612,0,225.125,0,0,0
low,Pyrolyse,PCW via pyrolysis and conventional steam cracking,2043,Pyrolyse_Steamcracker_Recycling,1526.0576462246947,0,1526.0576462246947,291.4347408878989,177.85,2.908,188,546.704,79.43292500000001,155.94039999999998,49.570580336796,0,225.125,0,0,0
low,Pyrolyse,PCW via pyrolysis and conventional steam cracking,2044,Pyrolyse_Steamcracker_Recycling,1541.8319749348789,0,1541.8319749348789,291.4347408878989,177.85,2.908,194,564.1519999999999,78.099785,156.4052,48.76524904698,0,225.125,0,0,0
low,Pyrolyse,PCW via pyrolysis and conventional steam cracking,2045,Pyrolyse_Steamcracker_Recycling,1558.3258686450627,0,1558.3258686450627,291.4347408878989,177.85,2.908,200,581.6,77.54431000000001,156.81189999999998,47.959917757164,0,225.125,0,0,0
low,Pyrolyse E-Steamcracker,PCW via pyrolysis and electric steam cracking,2025,Pyrolyse_eSteamcracker_Recycling,1624.076953511037,0,1624.076953511037,291.4347408878989,177.85,1.19482,80.27,95.9082014,766.9376560000001,0,66.946355223138,0,225,0,0,0
low,Pyrolyse E-Steamcracker,PCW via pyrolysis and electric steam cracking,2026,Pyrolyse_eSteamcracker_Recycling,1563.750252275379,0,1563.750252275379,291.4347408878989,177.85,1.19482,84.22,100.6277404,703.2569119999999,0,65.58085898748,0,225,0,0,0
low,Pyrolyse E-Steamcracker,PCW via pyrolysis and electric steam cracking,2027,Pyrolyse_eSteamcracker_Recycling,1580.9884098411808,0,1580.9884098411808,291.4347408878989,177.85,1.19482,88.16,105.3353312,717.100552,0,64.267785753282,0,225,0,0,0
low,Pyrolyse E-Steamcracker,PCW via pyrolysis and electric steam cracking,2028,Pyrolyse_eSteamcracker_Recycling,1501.4022209570362,0,1501.4022209570362,291.4347408878989,177.85,1.19482,92.11,110.0548702,634.038712,0,63.023897869137,0,225,0,0,0
low,Pyrolyse E-Steamcracker,PCW via pyrolysis and electric steam cracking,2029,Pyrolyse_eSteamcracker_Recycling,1452.340296739028,0,1452.340296739028,291.4347408878989,177.85,1.19482,96.05,114.762461,581.4328800000001,0,61.860214851128994,0,225,0,0,0
low,Pyrolyse E-Steamcracker,PCW via pyrolysis and electric steam cracking,2030,Pyrolyse_eSteamcracker_Recycling,1414.5133233819488,0,1414.5133233819488,291.4347408878989,177.85,1.19482,100,119.482,539.90196,0,60.84462249405,0,225,0,0,0
low,Pyrolyse E-Steamcracker,PCW via pyrolysis and electric steam cracking,2031,Pyrolyse_eSteamcracker_Recycling,1409.9971637622857,0,1409.9971637622857,291.4347408878989,177.85,1.19482,108,129.04056,526.750502,0,59.921360874387,0,225,0,0,0
low,Pyrolyse E-Steamcracker,PCW via pyrolysis and electric steam cracking,2032,Pyrolyse_eSteamcracker_Recycling,1424.7653089448002,0,1424.7653089448002,291.4347408878989,177.85,1.19482,116,138.59912,533.672322,0,58.209126056901,0,225,0,0,0
low,Pyrolyse E-Steamcracker,PCW via pyrolysis and electric steam cracking,2033,Pyrolyse_eSteamcracker_Recycling,1450.9362369448,0,1450.9362369448,291.4347408878989,177.85,1.19482,124,148.15768,550.2846900000001,0,58.209126056901,0,225,0,0,0
low,Pyrolyse E-Steamcracker,PCW via pyrolysis and electric steam cracking,2034,Pyrolyse_eSteamcracker_Recycling,1467.4166169448,0,1467.4166169448,291.4347408878989,177.85,1.19482,132,157.71624,557.20651,0,58.209126056901,0,225,0,0,0
low,Pyrolyse E-Steamcracker,PCW via pyrolysis and electric steam cracking,2035,Pyrolyse_eSteamcracker_Recycling,1471.414543697451,0,1471.414543697451,291.4347408878989,177.85,1.19482,140,167.2748,555.1299640000001,0,54.725038809552,0,225,0,0,0
low,Pyrolyse E-Steamcracker,PCW via pyrolysis and electric steam cracking,2036,Pyrolyse_eSteamcracker_Recycling,1472.4983147811129,0,1472.4983147811129,291.4347408878989,177.85,1.19482,146,174.44371999999998,549.5925080000001,0,54.177345893214,0,225,0,0,0
low,Pyrolyse E-Steamcracker,PCW via pyrolysis and electric steam cracking,2037,Pyrolyse_eSteamcracker_Recycling,1471.505539853966,0,1471.505539853966,291.4347408878989,177.85,1.19482,152,181.61264,541.978506,0,53.629652966067,0,225,0,0,0
low,Pyrolyse E-Steamcracker,PCW via pyrolysis and electric steam cracking,2038,Pyrolyse_eSteamcracker_Recycling,1466.3596729376277,0,1466.3596729376277,291.4347408878989,177.85,1.19482,158,188.78156,530.211412,0,53.081960049729,0,225,0,0,0
low,Pyrolyse E-Steamcracker,PCW via pyrolysis and electric steam cracking,2039,Pyrolyse_eSteamcracker_Recycling,1461.2138060212899,0,1461.2138060212899,291.4347408878989,177.85,1.19482,164,195.95048,518.4443180000001,0,52.534267133391,0,225,0,0,0
low,Pyrolyse E-Steamcracker,PCW via pyrolysis and electric steam cracking,2040,Pyrolyse_eSteamcracker_Recycling,1456.067939094143,0,1456.067939094143,291.4347408878989,177.85,1.19482,170,203.11939999999998,506.677224,0,51.986574206244,0,225,0,0,0
low,Pyrolyse E-Steamcracker,PCW via pyrolysis and electric steam cracking,2041,Pyrolyse_eSteamcracker_Recycling,1458.2784358043268,0,1458.2784358043268,291.4347408878989,177.85,1.19482,176,210.28832,502.524132,0,51.181242916428,0,225,0,0,0
low,Pyrolyse E-Steamcracker,PCW via pyrolysis and electric steam cracking,2042,Pyrolyse_eSteamcracker_Recycling,1460.4889325145107,0,1460.4889325145107,291.4347408878989,177.85,1.19482,182,217.45724,498.37104,0,50.375911626612,0,225,0,0,0
low,Pyrolyse E-Steamcracker,PCW via pyrolysis and electric steam cracking,2043,Pyrolyse_eSteamcracker_Recycling,1463.391611224695,0,1463.391611224695,291.4347408878989,177.85,1.19482,188,224.62616,494.91013,0,49.570580336796,0,225,0,0,0
low,Pyrolyse E-Steamcracker,PCW via pyrolysis and electric steam cracking,2044,Pyrolyse_eSteamcracker_Recycling,1461.4490159348788,0,1461.4490159348788,291.4347408878989,177.85,1.19482,194,231.79507999999998,486.603946,0,48.76524904698,0,225,0,0,0
low,Pyrolyse E-Steamcracker,PCW via pyrolysis and electric steam cracking,2045,Pyrolyse_eSteamcracker_Recycling,1464.3516946450627,0,1464.3516946450627,291.4347408878989,177.85,1.19482,200,238.964,483.143036,0,47.959917757164,0,225,0,0,0
low,Hydrocracking,PCW via hydrocracking and conventional steam cracking,2025,Hydrocracking_Steamcracker_Recycling,1517.3415415796637,0,1517.3415415796637,401.7651897896037,208.74,2.36,80.27,189.4372,107.476,259.1445,209.52865179006,0,141.25,0,0,0
low,Hydrocracking,PCW via hydrocracking and conventional steam cracking,2026,Hydrocracking_Steamcracker_Recycling,1469.3838124972037,0,1469.3838124972037,401.7651897896037,208.74,2.36,84.22,198.7592,98.552,215.06250000000003,205.2549227076,0,141.25,0,0,0
low,Hydrocracking,PCW via hydrocracking and conventional steam cracking,2027,Hydrocracking_Steamcracker_Recycling,1458.0520568849438,0,1458.0520568849438,401.7651897896037,208.74,2.36,88.16,208.05759999999998,100.492,196.60200000000003,201.14526709534,0,141.25,0,0,0
low,Hydrocracking,PCW via hydrocracking and conventional steam cracking,2028,Hydrocracking_Steamcracker_Recycling,1434.5894375287935,0,1434.5894375287935,401.7651897896037,208.74,2.36,92.11,217.37959999999998,88.85199999999999,179.3505,197.25214773919,0,141.25,0,0,0
low,Hydrocracking,PCW via hydrocracking and conventional steam cracking,2029,Hydrocracking_Steamcracker_Recycling,1414.3202433018337,0,1414.3202433018337,401.7651897896037,208.74,2.36,96.05,226.67799999999997,81.48,160.797,193.61005351223,0,141.25,0,0,0
low,Hydrocracking,PCW via hydrocracking and conventional steam cracking,2030,Hydrocracking_Steamcracker_Recycling,1396.1366431131037,0,1396.1366431131037,401.7651897896037,208.74,2.36,100,236,75.66,142.29000000000002,190.4314533235,0,141.25,0,0,0
low,Hydrocracking,PCW via hydrocracking and conventional steam cracking,2031,Hydrocracking_Steamcracker_Recycling,1405.2620195962936,0,1405.2620195962936,401.7651897896037,208.74,2.36,108,254.88,73.817,137.268,187.54182980669,0,141.25,0,0,0
low,Hydrocracking,PCW via hydrocracking and conventional steam cracking,2032,Hydrocracking_Steamcracker_Recycling,1418.2185683634737,0,1418.2185683634737,401.7651897896037,208.74,2.36,116,273.76,74.78699999999999,135.73350000000002,182.18287857387,0,141.25,0,0,0
low,Hydrocracking,PCW via hydrocracking and conventional steam cracking,2033,Hydrocracking_Steamcracker_Recycling,1437.8920683634738,0,1437.8920683634738,401.7651897896037,208.74,2.36,124,292.64,77.115,134.199,182.18287857387,0,141.25,0,0,0
low,Hydrocracking,PCW via hydrocracking and conventional steam cracking,2034,Hydrocracking_Steamcracker_Recycling,1456.2540683634736,0,1456.2540683634736,401.7651897896037,208.74,2.36,132,311.52,78.085,132.711,182.18287857387,0,141.25,0,0,0
low,Hydrocracking,PCW via hydrocracking and conventional steam cracking,2035,Hydrocracking_Steamcracker_Recycling,1462.450574739844,0,1462.450574739844,401.7651897896037,208.74,2.36,140,330.4,77.794,131.223,171.27838495024,0,141.25,0,0,0
low,Hydrocracking,PCW via hydrocracking and conventional steam cracking,2036,Hydrocracking_Steamcracker_Recycling,1472.6789058657835,0,1472.6789058657835,401.7651897896037,208.74,2.36,146,344.56,77.018,129.78150000000002,169.56421607618,0,141.25,0,0,0
low,Hydrocracking,PCW via hydrocracking and conventional steam cracking,2037,Hydrocracking_Steamcracker_Recycling,1482.6162369578935,0,1482.6162369578935,401.7651897896037,208.74,2.36,152,358.71999999999997,75.951,128.34,167.85004716829,0,141.25,0,0,0
low,Hydrocracking,PCW via hydrocracking and conventional steam cracking,2038,Hydrocracking_Steamcracker_Recycling,1492.018068083834,0,1492.018068083834,401.7651897896037,208.74,2.36,158,372.88,74.30199999999999,126.945,166.13587829423,0,141.25,0,0,0
low,Hydrocracking,PCW via hydrocracking and conventional steam cracking,2039,Hydrocracking_Steamcracker_Recycling,1501.3733992097737,0,1501.3733992097737,401.7651897896037,208.74,2.36,164,387.03999999999996,72.653,125.5035,164.42170942017,0,141.25,0,0,0
low,Hydrocracking,PCW via hydrocracking and conventional steam cracking,2040,Hydrocracking_Steamcracker_Recycling,1510.7752303018835,0,1510.7752303018835,401.7651897896037,208.74,2.36,170,401.2,71.004,124.10850000000002,162.70754051228002,0,141.25,0,0,0
low,Hydrocracking,PCW via hydrocracking and conventional steam cracking,2041,Hydrocracking_Steamcracker_Recycling,1521.8792050419636,0,1521.8792050419636,401.7651897896037,208.74,2.36,176,415.35999999999996,70.422,124.155,160.18701525236,0,141.25,0,0,0
low,Hydrocracking,PCW via hydrocracking and conventional steam cracking,2042,Hydrocracking_Steamcracker_Recycling,1533.262179782044,0,1533.262179782044,401.7651897896037,208.74,2.36,182,429.52,69.84,124.4805,157.66648999243998,0,141.25,0,0,0
low,Hydrocracking,PCW via hydrocracking and conventional steam cracking,2043,Hydrocracking_Steamcracker_Recycling,1544.7421545221237,0,1544.7421545221237,401.7651897896037,208.74,2.36,188,443.67999999999995,69.355,124.806,155.14596473252,0,141.25,0,0,0
low,Hydrocracking,PCW via hydrocracking and conventional steam cracking,2044,Hydrocracking_Steamcracker_Recycling,1555.5896292622035,0,1555.5896292622035,401.7651897896037,208.74,2.36,194,457.84,68.19099999999999,125.178,152.6254394726,0,141.25,0,0,0
low,Hydrocracking,PCW via hydrocracking and conventional steam cracking,2045,Hydrocracking_Steamcracker_Recycling,1567.0696040022838,0,1567.0696040022838,401.7651897896037,208.74,2.36,200,472,67.70599999999999,125.5035,150.10491421268,0,141.25,0,0,0
low,Hydrocracking E-Steamcracker,PCW via hydrocracking and electric steam cracking,2025,Hydrocracking_eSteamcracker_Recycling,1662.3391415796636,0,1662.3391415796636,401.7651897896037,208.74,0.99,80.27,79.4673,621.588,0,209.52865179006,0,141.25,0,0,0
low,Hydrocracking E-Steamcracker,PCW via hydrocracking and electric steam cracking,2026,Hydrocracking_eSteamcracker_Recycling,1610.3639124972035,0,1610.3639124972035,401.7651897896037,208.74,0.99,84.22,83.3778,569.976,0,205.2549227076,0,141.25,0,0,0
low,Hydrocracking E-Steamcracker,PCW via hydrocracking and electric steam cracking,2027,Hydrocracking_eSteamcracker_Recycling,1621.3748568849437,0,1621.3748568849437,401.7651897896037,208.74,0.99,88.16,87.27839999999999,581.196,0,201.14526709534,0,141.25,0,0,0
low,Hydrocracking E-Steamcracker,PCW via hydrocracking and electric steam cracking,2028,Hydrocracking_eSteamcracker_Recycling,1554.072237528794,0,1554.072237528794,401.7651897896037,208.74,0.99,92.11,91.1889,513.876,0,197.25214773919,0,141.25,0,0,0
low,Hydrocracking E-Steamcracker,PCW via hydrocracking and electric steam cracking,2029,Hydrocracking_eSteamcracker_Recycling,1511.6947433018338,0,1511.6947433018338,401.7651897896037,208.74,0.99,96.05,95.0895,471.24,0,193.61005351223,0,141.25,0,0,0
low,Hydrocracking E-Steamcracker,PCW via hydrocracking and electric steam cracking,2030,Hydrocracking_eSteamcracker_Recycling,1478.7666431131038,0,1478.7666431131038,401.7651897896037,208.74,0.99,100,99,437.58,0,190.4314533235,0,141.25,0,0,0
low,Hydrocracking E-Steamcracker,PCW via hydrocracking and electric steam cracking,2031,Hydrocracking_eSteamcracker_Recycling,1473.1380195962936,0,1473.1380195962936,401.7651897896037,208.74,0.99,108,106.92,426.921,0,187.54182980669,0,141.25,0,0,0
low,Hydrocracking E-Steamcracker,PCW via hydrocracking and electric steam cracking,2032,Hydrocracking_eSteamcracker_Recycling,1481.3090683634737,0,1481.3090683634737,401.7651897896037,208.74,0.99,116,114.84,432.531,0,182.18287857387,0,141.25,0,0,0
low,Hydrocracking E-Steamcracker,PCW via hydrocracking and electric steam cracking,2033,Hydrocracking_eSteamcracker_Recycling,1502.6930683634737,0,1502.6930683634737,401.7651897896037,208.74,0.99,124,122.76,445.995,0,182.18287857387,0,141.25,0,0,0
low,Hydrocracking E-Steamcracker,PCW via hydrocracking and electric steam cracking,2034,Hydrocracking_eSteamcracker_Recycling,1516.2230683634737,0,1516.2230683634737,401.7651897896037,208.74,0.99,132,130.68,451.605,0,182.18287857387,0,141.25,0,0,0
low,Hydrocracking E-Steamcracker,PCW via hydrocracking and electric steam cracking,2035,Hydrocracking_eSteamcracker_Recycling,1511.5555747398437,0,1511.5555747398437,401.7651897896037,208.74,0.99,140,138.6,449.922,0,171.27838495024,0,141.25,0,0,0
low,Hydrocracking E-Steamcracker,PCW via hydrocracking and electric steam cracking,2036,Hydrocracking_eSteamcracker_Recycling,1511.293405865784,0,1511.293405865784,401.7651897896037,208.74,0.99,146,144.54,445.4340000000001,0,169.56421607618,0,141.25,0,0,0
low,Hydrocracking E-Steamcracker,PCW via hydrocracking and electric steam cracking,2037,Hydrocracking_eSteamcracker_Recycling,1509.3482369578935,0,1509.3482369578935,401.7651897896037,208.74,0.99,152,150.48,439.263,0,167.85004716829,0,141.25,0,0,0
low,Hydrocracking E-Steamcracker,PCW via hydrocracking and electric steam cracking,2038,Hydrocracking_eSteamcracker_Recycling,1504.0370680838337,0,1504.0370680838337,401.7651897896037,208.74,0.99,158,156.42,429.726,0,166.13587829423,0,141.25,0,0,0
low,Hydrocracking E-Steamcracker,PCW via hydrocracking and electric steam cracking,2039,Hydrocracking_eSteamcracker_Recycling,1498.7258992097738,0,1498.7258992097738,401.7651897896037,208.74,0.99,164,162.35999999999999,420.1890000000001,0,164.42170942017,0,141.25,0,0,0
low,Hydrocracking E-Steamcracker,PCW via hydrocracking and electric steam cracking,2040,Hydrocracking_eSteamcracker_Recycling,1493.4147303018838,0,1493.4147303018838,401.7651897896037,208.74,0.99,170,168.3,410.652,0,162.70754051228002,0,141.25,0,0,0
low,Hydrocracking E-Steamcracker,PCW via hydrocracking and electric steam cracking,2041,Hydrocracking_eSteamcracker_Recycling,1493.4682050419635,0,1493.4682050419635,401.7651897896037,208.74,0.99,176,174.24,407.286,0,160.18701525236,0,141.25,0,0,0
low,Hydrocracking E-Steamcracker,PCW via hydrocracking and electric steam cracking,2042,Hydrocracking_eSteamcracker_Recycling,1493.5216797820437,0,1493.5216797820437,401.7651897896037,208.74,0.99,182,180.18,403.92,0,157.66648999243998,0,141.25,0,0,0
low,Hydrocracking E-Steamcracker,PCW via hydrocracking and electric steam cracking,2043,Hydrocracking_eSteamcracker_Recycling,1494.136154522124,0,1494.136154522124,401.7651897896037,208.74,0.99,188,186.12,401.115,0,155.14596473252,0,141.25,0,0,0
low,Hydrocracking E-Steamcracker,PCW via hydrocracking and electric steam cracking,2044,Hydrocracking_eSteamcracker_Recycling,1490.8236292622034,0,1490.8236292622034,401.7651897896037,208.74,0.99,194,192.06,394.383,0,152.6254394726,0,141.25,0,0,0
low,Hydrocracking E-Steamcracker,PCW via hydrocracking and electric steam cracking,2045,Hydrocracking_eSteamcracker_Recycling,1491.4381040022838,0,1491.4381040022838,401.7651897896037,208.74,0.99,200,198,391.578,0,150.10491421268,0,141.25,0,0,0
low,Gasifizierung-FT,PCW via gasification-FT and conventional steam cracking,2025,Gasifizierung_FT_Steamcracker_Recycling,1752.6480840323484,0,1752.6480840323484,503.2629840323488,417.53,3.58,80.27,287.3666,75.34400000000001,259.1445,0,0,210,0,0,0
low,Gasifizierung-FT,PCW via gasification-FT and conventional steam cracking,2026,Gasifizierung_FT_Steamcracker_Recycling,1716.4510840323487,0,1716.4510840323487,503.2629840323488,417.53,3.58,84.22,301.5076,69.08800000000001,215.06250000000003,0,0,210,0,0,0
low,Gasifizierung-FT,PCW via gasification-FT and conventional steam cracking,2027,Gasifizierung_FT_Steamcracker_Recycling,1713.4557840323487,0,1713.4557840323487,503.2629840323488,417.53,3.58,88.16,315.6128,70.44800000000001,196.60200000000003,0,0,210,0,0,0
low,Gasifizierung-FT,PCW via gasification-FT and conventional steam cracking,2028,Gasifizierung_FT_Steamcracker_Recycling,1702.1852840323486,0,1702.1852840323486,503.2629840323488,417.53,3.58,92.11,329.7538,62.288,179.3505,0,0,210,0,0,0
low,Gasifizierung-FT,PCW via gasification-FT and conventional steam cracking,2029,Gasifizierung_FT_Steamcracker_Recycling,1692.5689840323487,0,1692.5689840323487,503.2629840323488,417.53,3.58,96.05,343.859,57.120000000000005,160.797,0,0,210,0,0,0
low,Gasifizierung-FT,PCW via gasification-FT and conventional steam cracking,2030,Gasifizierung_FT_Steamcracker_Recycling,1684.1229840323488,0,1684.1229840323488,503.2629840323488,417.53,3.58,100,358,53.040000000000006,142.29000000000002,0,0,210,0,0,0
low,Gasifizierung-FT,PCW via gasification-FT and conventional steam cracking,2031,Gasifizierung_FT_Steamcracker_Recycling,1706.4489840323486,0,1706.4489840323486,503.2629840323488,417.53,3.58,108,386.64,51.748,137.268,0,0,210,0,0,0
low,Gasifizierung-FT,PCW via gasification-FT and conventional steam cracking,2032,Gasifizierung_FT_Steamcracker_Recycling,1734.2344840323487,0,1734.2344840323487,503.2629840323488,417.53,3.58,116,415.28000000000003,52.428,135.73350000000002,0,0,210,0,0,0
low,Gasifizierung-FT,PCW via gasification-FT and conventional steam cracking,2033,Gasifizierung_FT_Steamcracker_Recycling,1762.9719840323487,0,1762.9719840323487,503.2629840323488,417.53,3.58,124,443.92,54.06,134.199,0,0,210,0,0,0
low,Gasifizierung-FT,PCW via gasification-FT and conventional steam cracking,2034,Gasifizierung_FT_Steamcracker_Recycling,1790.8039840323486,0,1790.8039840323486,503.2629840323488,417.53,3.58,132,472.56,54.74,132.711,0,0,210,0,0,0
low,Gasifizierung-FT,PCW via gasification-FT and conventional steam cracking,2035,Gasifizierung_FT_Steamcracker_Recycling,1817.7519840323487,0,1817.7519840323487,503.2629840323488,417.53,3.58,140,501.2,54.53600000000001,131.223,0,0,210,0,0,0
low,Gasifizierung-FT,PCW via gasification-FT and conventional steam cracking,2036,Gasifizierung_FT_Steamcracker_Recycling,1837.246484032349,0,1837.246484032349,503.2629840323488,417.53,3.58,146,522.6800000000001,53.992,129.78150000000002,0,0,210,0,0,0
low,Gasifizierung-FT,PCW via gasification-FT and conventional steam cracking,2037,Gasifizierung_FT_Steamcracker_Recycling,1856.5369840323488,0,1856.5369840323488,503.2629840323488,417.53,3.58,152,544.16,53.244,128.34,0,0,210,0,0,0
low,Gasifizierung-FT,PCW via gasification-FT and conventional steam cracking,2038,Gasifizierung_FT_Steamcracker_Recycling,1875.4659840323488,0,1875.4659840323488,503.2629840323488,417.53,3.58,158,565.64,52.088,126.945,0,0,210,0,0,0
low,Gasifizierung-FT,PCW via gasification-FT and conventional steam cracking,2039,Gasifizierung_FT_Steamcracker_Recycling,1894.348484032349,0,1894.348484032349,503.2629840323488,417.53,3.58,164,587.12,50.93200000000001,125.5035,0,0,210,0,0,0
low,Gasifizierung-FT,PCW via gasification-FT and conventional steam cracking,2040,Gasifizierung_FT_Steamcracker_Recycling,1913.2774840323486,0,1913.2774840323486,503.2629840323488,417.53,3.58,170,608.6,49.776,124.10850000000002,0,0,210,0,0,0
low,Gasifizierung-FT,PCW via gasification-FT and conventional steam cracking,2041,Gasifizierung_FT_Steamcracker_Recycling,1934.3959840323487,0,1934.3959840323487,503.2629840323488,417.53,3.58,176,630.08,49.368,124.155,0,0,210,0,0,0
low,Gasifizierung-FT,PCW via gasification-FT and conventional steam cracking,2042,Gasifizierung_FT_Steamcracker_Recycling,1955.7934840323487,0,1955.7934840323487,503.2629840323488,417.53,3.58,182,651.5600000000001,48.96,124.4805,0,0,210,0,0,0
low,Gasifizierung-FT,PCW via gasification-FT and conventional steam cracking,2043,Gasifizierung_FT_Steamcracker_Recycling,1977.2589840323487,0,1977.2589840323487,503.2629840323488,417.53,3.58,188,673.04,48.620000000000005,124.806,0,0,210,0,0,0
low,Gasifizierung-FT,PCW via gasification-FT and conventional steam cracking,2044,Gasifizierung_FT_Steamcracker_Recycling,1998.2949840323486,0,1998.2949840323486,503.2629840323488,417.53,3.58,194,694.52,47.804,125.178,0,0,210,0,0,0
low,Gasifizierung-FT,PCW via gasification-FT and conventional steam cracking,2045,Gasifizierung_FT_Steamcracker_Recycling,2019.7604840323488,0,2019.7604840323488,503.2629840323488,417.53,3.58,200,716,47.464,125.5035,0,0,210,0,0,0
low,Gasifizierung-FT E-Steamcracker,PCW via gasification-FT and electric steam cracking,2025,Gasifizierung_FT_eSteamcracker_Recycling,1898.753684032349,0,1898.753684032349,503.2629840323488,417.53,2.21,80.27,177.39669999999998,590.564,0,0,0,210,0,0,0
low,Gasifizierung-FT E-Steamcracker,PCW via gasification-FT and electric steam cracking,2026,Gasifizierung_FT_eSteamcracker_Recycling,1858.4471840323488,0,1858.4471840323488,503.2629840323488,417.53,2.21,84.22,186.12619999999998,541.528,0,0,0,210,0,0,0
low,Gasifizierung-FT E-Steamcracker,PCW via gasification-FT and electric steam cracking,2027,Gasifizierung_FT_eSteamcracker_Recycling,1877.8145840323486,0,1877.8145840323486,503.2629840323488,417.53,2.21,88.16,194.8336,552.188,0,0,0,210,0,0,0
low,Gasifizierung-FT E-Steamcracker,PCW via gasification-FT and electric steam cracking,2028,Gasifizierung_FT_eSteamcracker_Recycling,1822.584084032349,0,1822.584084032349,503.2629840323488,417.53,2.21,92.11,203.5631,488.228,0,0,0,210,0,0,0
low,Gasifizierung-FT E-Steamcracker,PCW via gasification-FT and electric steam cracking,2029,Gasifizierung_FT_eSteamcracker_Recycling,1790.783484032349,0,1790.783484032349,503.2629840323488,417.53,2.21,96.05,212.2705,447.72,0,0,0,210,0,0,0
low,Gasifizierung-FT E-Steamcracker,PCW via gasification-FT and electric steam cracking,2030,Gasifizierung_FT_eSteamcracker_Recycling,1767.5329840323488,0,1767.5329840323488,503.2629840323488,417.53,2.21,100,221,415.74,0,0,0,210,0,0,0
low,Gasifizierung-FT E-Steamcracker,PCW via gasification-FT and electric steam cracking,2031,Gasifizierung_FT_eSteamcracker_Recycling,1775.085984032349,0,1775.085984032349,503.2629840323488,417.53,2.21,108,238.68,405.613,0,0,0,210,0,0,0
low,Gasifizierung-FT E-Steamcracker,PCW via gasification-FT and electric steam cracking,2032,Gasifizierung_FT_eSteamcracker_Recycling,1798.095984032349,0,1798.095984032349,503.2629840323488,417.53,2.21,116,256.36,410.943,0,0,0,210,0,0,0
low,Gasifizierung-FT E-Steamcracker,PCW via gasification-FT and electric steam cracking,2033,Gasifizierung_FT_eSteamcracker_Recycling,1828.5679840323487,0,1828.5679840323487,503.2629840323488,417.53,2.21,124,274.04,423.735,0,0,0,210,0,0,0
low,Gasifizierung-FT E-Steamcracker,PCW via gasification-FT and electric steam cracking,2034,Gasifizierung_FT_eSteamcracker_Recycling,1851.577984032349,0,1851.577984032349,503.2629840323488,417.53,2.21,132,291.71999999999997,429.065,0,0,0,210,0,0,0
low,Gasifizierung-FT E-Steamcracker,PCW via gasification-FT and electric steam cracking,2035,Gasifizierung_FT_eSteamcracker_Recycling,1867.658984032349,0,1867.658984032349,503.2629840323488,417.53,2.21,140,309.4,427.466,0,0,0,210,0,0,0
low,Gasifizierung-FT E-Steamcracker,PCW via gasification-FT and electric steam cracking,2036,Gasifizierung_FT_eSteamcracker_Recycling,1876.6549840323487,0,1876.6549840323487,503.2629840323488,417.53,2.21,146,322.65999999999997,423.20200000000006,0,0,0,210,0,0,0
low,Gasifizierung-FT E-Steamcracker,PCW via gasification-FT and electric steam cracking,2037,Gasifizierung_FT_eSteamcracker_Recycling,1884.0519840323486,0,1884.0519840323486,503.2629840323488,417.53,2.21,152,335.92,417.339,0,0,0,210,0,0,0
low,Gasifizierung-FT E-Steamcracker,PCW via gasification-FT and electric steam cracking,2038,Gasifizierung_FT_eSteamcracker_Recycling,1888.250984032349,0,1888.250984032349,503.2629840323488,417.53,2.21,158,349.18,408.278,0,0,0,210,0,0,0
low,Gasifizierung-FT E-Steamcracker,PCW via gasification-FT and electric steam cracking,2039,Gasifizierung_FT_eSteamcracker_Recycling,1892.4499840323488,0,1892.4499840323488,503.2629840323488,417.53,2.21,164,362.44,399.217,0,0,0,210,0,0,0
low,Gasifizierung-FT E-Steamcracker,PCW via gasification-FT and electric steam cracking,2040,Gasifizierung_FT_eSteamcracker_Recycling,1896.6489840323486,0,1896.6489840323486,503.2629840323488,417.53,2.21,170,375.7,390.156,0,0,0,210,0,0,0
low,Gasifizierung-FT E-Steamcracker,PCW via gasification-FT and electric steam cracking,2041,Gasifizierung_FT_eSteamcracker_Recycling,1906.7109840323487,0,1906.7109840323487,503.2629840323488,417.53,2.21,176,388.96,386.958,0,0,0,210,0,0,0
low,Gasifizierung-FT E-Steamcracker,PCW via gasification-FT and electric steam cracking,2042,Gasifizierung_FT_eSteamcracker_Recycling,1916.7729840323489,0,1916.7729840323489,503.2629840323488,417.53,2.21,182,402.21999999999997,383.76,0,0,0,210,0,0,0
low,Gasifizierung-FT E-Steamcracker,PCW via gasification-FT and electric steam cracking,2043,Gasifizierung_FT_eSteamcracker_Recycling,1927.3679840323489,0,1927.3679840323489,503.2629840323488,417.53,2.21,188,415.48,381.095,0,0,0,210,0,0,0
low,Gasifizierung-FT E-Steamcracker,PCW via gasification-FT and electric steam cracking,2044,Gasifizierung_FT_eSteamcracker_Recycling,1934.231984032349,0,1934.231984032349,503.2629840323488,417.53,2.21,194,428.74,374.699,0,0,0,210,0,0,0
low,Gasifizierung-FT E-Steamcracker,PCW via gasification-FT and electric steam cracking,2045,Gasifizierung_FT_eSteamcracker_Recycling,1944.8269840323487,0,1944.8269840323487,503.2629840323488,417.53,2.21,200,442,372.034,0,0,0,210,0,0,0
low,Mechanisches Recycling,PCW via mechanical recycling,2025,Mechanisches_Recycling,446.14748849964576,0,446.14748849964576,11.507118499645742,185.18,0.471,80.27,37.80717,64.1532,0,0,0,147.5,0,0,0
low,Mechanisches Recycling,PCW via mechanical recycling,2026,Mechanisches_Recycling,442.6811384996457,0,442.6811384996457,11.507118499645742,185.18,0.471,84.22,39.66762,58.82639999999999,0,0,0,147.5,0,0,0
low,Mechanisches Recycling,PCW via mechanical recycling,2027,Mechanisches_Recycling,445.6948784996457,0,445.6948784996457,11.507118499645742,185.18,0.471,88.16,41.52336,59.9844,0,0,0,147.5,0,0,0
low,Mechanisches Recycling,PCW via mechanical recycling,2028,Mechanisches_Recycling,440.60732849964575,0,440.60732849964575,11.507118499645742,185.18,0.471,92.11,43.38381,53.03639999999999,0,0,0,147.5,0,0,0
low,Mechanisches Recycling,PCW via mechanical recycling,2029,Mechanisches_Recycling,438.0626684996458,0,438.0626684996458,11.507118499645742,185.18,0.471,96.05,45.239549999999994,48.636,0,0,0,147.5,0,0,0
low,Mechanisches Recycling,PCW via mechanical recycling,2030,Mechanisches_Recycling,436.4491184996457,0,436.4491184996457,11.507118499645742,185.18,0.471,100,47.099999999999994,45.162,0,0,0,147.5,0,0,0
low,Mechanisches Recycling,PCW via mechanical recycling,2031,Mechanisches_Recycling,439.11701849964567,0,439.11701849964567,11.507118499645742,185.18,0.471,108,50.867999999999995,44.0619,0,0,0,147.5,0,0,0
low,Mechanisches Recycling,PCW via mechanical recycling,2032,Mechanisches_Recycling,443.4640184996457,0,443.4640184996457,11.507118499645742,185.18,0.471,116,54.635999999999996,44.6409,0,0,0,147.5,0,0,0
low,Mechanisches Recycling,PCW via mechanical recycling,2033,Mechanisches_Recycling,448.62161849964576,0,448.62161849964576,11.507118499645742,185.18,0.471,124,58.403999999999996,46.0305,0,0,0,147.5,0,0,0
low,Mechanisches Recycling,PCW via mechanical recycling,2034,Mechanisches_Recycling,452.9686184996457,0,452.9686184996457,11.507118499645742,185.18,0.471,132,62.172,46.6095,0,0,0,147.5,0,0,0
low,Mechanisches Recycling,PCW via mechanical recycling,2035,Mechanisches_Recycling,456.5629184996458,0,456.5629184996458,11.507118499645742,185.18,0.471,140,65.94,46.4358,0,0,0,147.5,0,0,0
low,Mechanisches Recycling,PCW via mechanical recycling,2036,Mechanisches_Recycling,458.92571849964577,0,458.92571849964577,11.507118499645742,185.18,0.471,146,68.76599999999999,45.9726,0,0,0,147.5,0,0,0
low,Mechanisches Recycling,PCW via mechanical recycling,2037,Mechanisches_Recycling,461.11481849964576,0,461.11481849964576,11.507118499645742,185.18,0.471,152,71.592,45.3357,0,0,0,147.5,0,0,0
low,Mechanisches Recycling,PCW via mechanical recycling,2038,Mechanisches_Recycling,462.9565184996457,0,462.9565184996457,11.507118499645742,185.18,0.471,158,74.41799999999999,44.35139999999999,0,0,0,147.5,0,0,0
low,Mechanisches Recycling,PCW via mechanical recycling,2039,Mechanisches_Recycling,464.7982184996457,0,464.7982184996457,11.507118499645742,185.18,0.471,164,77.244,43.3671,0,0,0,147.5,0,0,0
low,Mechanisches Recycling,PCW via mechanical recycling,2040,Mechanisches_Recycling,466.6399184996458,0,466.6399184996458,11.507118499645742,185.18,0.471,170,80.07,42.3828,0,0,0,147.5,0,0,0
low,Mechanisches Recycling,PCW via mechanical recycling,2041,Mechanisches_Recycling,469.1185184996457,0,469.1185184996457,11.507118499645742,185.18,0.471,176,82.896,42.0354,0,0,0,147.5,0,0,0
low,Mechanisches Recycling,PCW via mechanical recycling,2042,Mechanisches_Recycling,471.5971184996457,0,471.5971184996457,11.507118499645742,185.18,0.471,182,85.722,41.688,0,0,0,147.5,0,0,0
low,Mechanisches Recycling,PCW via mechanical recycling,2043,Mechanisches_Recycling,474.13361849964576,0,474.13361849964576,11.507118499645742,185.18,0.471,188,88.548,41.3985,0,0,0,147.5,0,0,0
low,Mechanisches Recycling,PCW via mechanical recycling,2044,Mechanisches_Recycling,476.2648184996457,0,476.2648184996457,11.507118499645742,185.18,0.471,194,91.374,40.7037,0,0,0,147.5,0,0,0
low,Mechanisches Recycling,PCW via mechanical recycling,2045,Mechanisches_Recycling,478.80131849964573,0,478.80131849964573,11.507118499645742,185.18,0.471,200,94.19999999999999,40.4142,0,0,0,147.5,0,0,0
low,Methanolroute,Captured CO2 and H2 via methanol-to-propylene,2025,Methanolroute,4902.087373940424,0,4902.087373940424,408.83683483404496,140.58,0.31913,80.27,25.6165651,1257.58,0,3069.47397400638,0,0,0,0,0
low,Methanolroute,Captured CO2 and H2 via methanol-to-propylene,2026,Methanolroute,4736.320269808844,0,4736.320269808844,408.83683483404496,140.58,0.31913,84.22,26.877128600000002,1153.16,0,3006.8663063748,0,0,0,0,0
low,Methanolroute,Captured CO2 and H2 via methanol-to-propylene,2027,Methanolroute,4700.073556141864,0,4700.073556141864,408.83683483404496,140.58,0.31913,88.16,28.1345008,1175.86,0,2946.66222050782,0,0,0,0,0
low,Methanolroute,Captured CO2 and H2 via methanol-to-propylene,2028,Methanolroute,4508.102165112914,0,4508.102165112914,408.83683483404496,140.58,0.31913,92.11,29.3950643,1039.66,0,2889.63026597887,0,0,0,0,0
low,Methanolroute,Captured CO2 and H2 via methanol-to-propylene,2029,Methanolroute,4369.744956232834,0,4369.744956232834,408.83683483404496,140.58,0.31913,96.05,30.6524365,953.4,0,2836.2756848987897,0,0,0,0,0
low,Methanolroute,Captured CO2 and H2 via methanol-to-propylene,2030,Methanolroute,4256.3408591495445,0,4256.3408591495445,408.83683483404496,140.58,0.31913,100,31.913000000000004,885.3,0,2789.7110243155003,0,0,0,0,0
low,Methanolroute,Captured CO2 and H2 via methanol-to-propylene,2031,Methanolroute,4194.997580240414,0,4194.997580240414,408.83683483404496,140.58,0.31913,108,34.46604,863.7349999999999,0,2747.37970540637,0,0,0,0,0
low,Methanolroute,Captured CO2 and H2 via methanol-to-propylene,2032,Methanolroute,4130.395073640555,0,4130.395073640555,408.83683483404496,140.58,0.31913,116,37.01908,875.0849999999999,0,2668.87415880651,0,0,0,0,0
low,Methanolroute,Captured CO2 and H2 via methanol-to-propylene,2033,Methanolroute,4160.188113640555,0,4160.188113640555,408.83683483404496,140.58,0.31913,124,39.572120000000005,902.325,0,2668.87415880651,0,0,0,0,0
low,Methanolroute,Captured CO2 and H2 via methanol-to-propylene,2034,Methanolroute,4174.091153640554,0,4174.091153640554,408.83683483404496,140.58,0.31913,132,42.12516,913.675,0,2668.87415880651,0,0,0,0,0
low,Methanolroute,Captured CO2 and H2 via methanol-to-propylene,2035,Methanolroute,4013.4946475295646,0,4013.4946475295646,408.83683483404496,140.58,0.31913,140,44.678200000000004,910.27,0,2509.12961269552,0,0,0,0,0
low,Methanolroute,Captured CO2 and H2 via methanol-to-propylene,2036,Methanolroute,3981.217841591185,0,3981.217841591185,408.83683483404496,140.58,0.31913,146,46.592980000000004,901.19,0,2484.01802675714,0,0,0,0,0
low,Methanolroute,Captured CO2 and H2 via methanol-to-propylene,2037,Methanolroute,3945.536035157215,0,3945.536035157215,408.83683483404496,140.58,0.31913,152,48.507760000000005,888.7049999999999,0,2458.90644032317,0,0,0,0,0
low,Methanolroute,Captured CO2 and H2 via methanol-to-propylene,2038,Methanolroute,3903.044229218835,0,3903.044229218835,408.83683483404496,140.58,0.31913,158,50.422540000000005,869.4099999999999,0,2433.79485438479,0,0,0,0,0
low,Methanolroute,Captured CO2 and H2 via methanol-to-propylene,2039,Methanolroute,3860.552423280456,0,3860.552423280456,408.83683483404496,140.58,0.31913,164,52.337320000000005,850.115,0,2408.6832684464102,0,0,0,0,0
low,Methanolroute,Captured CO2 and H2 via methanol-to-propylene,2040,Methanolroute,3818.060616846485,0,3818.060616846485,408.83683483404496,140.58,0.31913,170,54.252100000000006,830.82,0,2383.5716820124403,0,0,0,0,0
low,Methanolroute,Captured CO2 and H2 via methanol-to-propylene,2041,Methanolroute,3776.241154648325,0,3776.241154648325,408.83683483404496,140.58,0.31913,176,56.166880000000006,824.0099999999999,0,2346.64743981428,0,0,0,0,0
low,Methanolroute,Captured CO2 and H2 via methanol-to-propylene,2042,Methanolroute,3734.4216924501648,0,3734.4216924501648,408.83683483404496,140.58,0.31913,182,58.08166000000001,817.1999999999999,0,2309.72319761612,0,0,0,0,0
low,Methanolroute,Captured CO2 and H2 via methanol-to-propylene,2043,Methanolroute,3693.737230252005,0,3693.737230252005,408.83683483404496,140.58,0.31913,188,59.99644000000001,811.525,0,2272.79895541796,0,0,0,0,0
low,Methanolroute,Captured CO2 and H2 via methanol-to-propylene,2044,Methanolroute,3645.107768053844,0,3645.107768053844,408.83683483404496,140.58,0.31913,194,61.91122000000001,797.905,0,2235.8747132198,0,0,0,0,0
low,Methanolroute,Captured CO2 and H2 via methanol-to-propylene,2045,Methanolroute,3604.423305855685,0,3604.423305855685,408.83683483404496,140.58,0.31913,200,63.82600000000001,792.2299999999999,0,2198.95047102164,0,0,0,0,0
low,Fischer-Tropsch,Captured CO2 and H2 via Fischer-Tropsch and electric steam cracking,2025,FT-Route,4377.533367585959,0,4377.533367585959,369.05937632589945,126.98,0.21594,80.27,17.3335038,960.426588,0,2903.73389946006,0,0,0,0,0
low,Fischer-Tropsch,Captured CO2 and H2 via Fischer-Tropsch and electric steam cracking,2026,FT-Route,4239.412630033499,0,4239.412630033499,369.05937632589945,126.98,0.21594,84.22,18.186466799999998,880.679976,0,2844.5068109076,0,0,0,0,0
low,Fischer-Tropsch,Captured CO2 and H2 via Fischer-Tropsch and electric steam cracking,2027,FT-Route,4200.64636245124,0,4200.64636245124,369.05937632589945,126.98,0.21594,88.16,19.037270399999997,898.016196,0,2787.55351972534,0,0,0,0,0
low,Fischer-Tropsch,Captured CO2 and H2 via Fischer-Tropsch and electric steam cracking,2028,FT-Route,4043.5295624200894,0,4043.5295624200894,369.05937632589945,126.98,0.21594,92.11,19.8902334,793.998876,0,2733.60107669419,0,0,0,0,0
low,Fischer-Tropsch,Captured CO2 and H2 via Fischer-Tropsch and electric steam cracking,2029,FT-Route,3928.0290960731286,0,3928.0290960731286,369.05937632589945,126.98,0.21594,96.05,20.741037,728.1212400000001,0,2683.12744274723,0,0,0,0,0
low,Fischer-Tropsch,Captured CO2 and H2 via Fischer-Tropsch and electric steam cracking,2030,FT-Route,3832.8230553994,0,3832.8230553994,369.05937632589945,126.98,0.21594,100,21.593999999999998,676.11258,0,2639.0770990735,0,0,0,0,0
low,Fischer-Tropsch,Captured CO2 and H2 via Fischer-Tropsch and electric steam cracking,2031,FT-Route,3778.0355798375895,0,3778.0355798375895,369.05937632589945,126.98,0.21594,108,23.32152,659.6431709999999,0,2599.03151251169,0,0,0,0,0
low,Fischer-Tropsch,Captured CO2 and H2 via Fischer-Tropsch and electric steam cracking,2032,FT-Route,3714.164668114769,0,3714.164668114769,369.05937632589945,126.98,0.21594,116,25.049039999999998,668.311281,0,2524.76497078887,0,0,0,0,0
low,Fischer-Tropsch,Captured CO2 and H2 via Fischer-Tropsch and electric steam cracking,2033,FT-Route,3736.6956521147695,0,3736.6956521147695,369.05937632589945,126.98,0.21594,124,26.77656,689.1147450000001,0,2524.76497078887,0,0,0,0,0
low,Fischer-Tropsch,Captured CO2 and H2 via Fischer-Tropsch and electric steam cracking,2034,FT-Route,3747.091282114769,0,3747.091282114769,369.05937632589945,126.98,0.21594,132,28.50408,697.782855,0,2524.76497078887,0,0,0,0,0
low,Fischer-Tropsch,Captured CO2 and H2 via Fischer-Tropsch and electric steam cracking,2035,FT-Route,3595.09942895614,0,3595.09942895614,369.05937632589945,126.98,0.21594,140,30.2316,695.1824220000001,0,2373.64603063024,0,0,0,0,0
low,Fischer-Tropsch,Captured CO2 and H2 via Fischer-Tropsch and electric steam cracking,2036,FT-Route,3565.7049264120797,0,3565.7049264120797,369.05937632589945,126.98,0.21594,146,31.52724,688.2479340000001,0,2349.89037608618,0,0,0,0,0
low,Fischer-Tropsch,Captured CO2 and H2 via Fischer-Tropsch and electric steam cracking,2037,FT-Route,3533.70999039919,0,3533.70999039919,369.05937632589945,126.98,0.21594,152,32.82288,678.713013,0,2326.13472107329,0,0,0,0,0
low,Fischer-Tropsch,Captured CO2 and H2 via Fischer-Tropsch and electric steam cracking,2038,FT-Route,3496.5141888551293,0,3496.5141888551293,369.05937632589945,126.98,0.21594,158,34.11852,663.977226,0,2302.37906652923,0,0,0,0,0
low,Fischer-Tropsch,Captured CO2 and H2 via Fischer-Tropsch and electric steam cracking,2039,FT-Route,3459.318387311069,0,3459.318387311069,369.05937632589945,126.98,0.21594,164,35.414159999999995,649.2414390000001,0,2278.62341198517,0,0,0,0,0
low,Fischer-Tropsch,Captured CO2 and H2 via Fischer-Tropsch and electric steam cracking,2040,FT-Route,3422.12258529818,0,3422.12258529818,369.05937632589945,126.98,0.21594,170,36.7098,634.505652,0,2254.86775697228,0,0,0,0,0
low,Fischer-Tropsch,Captured CO2 and H2 via Fischer-Tropsch and electric steam cracking,2041,FT-Route,3383.2868875982595,0,3383.2868875982595,369.05937632589945,126.98,0.21594,176,38.00544,629.304786,0,2219.93728527236,0,0,0,0,0
low,Fischer-Tropsch,Captured CO2 and H2 via Fischer-Tropsch and electric steam cracking,2042,FT-Route,3344.451189898339,0,3344.451189898339,369.05937632589945,126.98,0.21594,182,39.30108,624.10392,0,2185.00681357244,0,0,0,0,0
low,Fischer-Tropsch,Captured CO2 and H2 via Fischer-Tropsch and electric steam cracking,2043,FT-Route,3306.48230319842,0,3306.48230319842,369.05937632589945,126.98,0.21594,188,40.59672,619.769865,0,2150.07634187252,0,0,0,0,0
low,Fischer-Tropsch,Captured CO2 and H2 via Fischer-Tropsch and electric steam cracking,2044,FT-Route,3262.445739498499,0,3262.445739498499,369.05937632589945,126.98,0.21594,194,41.89236,609.3681330000001,0,2115.1458701726,0,0,0,0,0
low,Fischer-Tropsch,Captured CO2 and H2 via Fischer-Tropsch and electric steam cracking,2045,FT-Route,3224.4768527985802,0,3224.4768527985802,369.05937632589945,126.98,0.21594,200,43.187999999999995,605.034078,0,2080.21539847268,0,0,0,0,0
low,Biomethanol,Dry biomass via biomethanol-to-propylene,2025,Biomethanol,1927.157035125017,0,1927.157035125017,441.4874351250169,151.89,0.2,80.27,16.054,876.428,0,0,0,0,441.2976000000001,0,0
low,Biomethanol,Dry biomass via biomethanol-to-propylene,2026,Biomethanol,1855.175035125017,0,1855.175035125017,441.4874351250169,151.89,0.2,84.22,16.844,803.656,0,0,0,0,441.2976000000001,0,0
low,Biomethanol,Dry biomass via biomethanol-to-propylene,2027,Biomethanol,1871.7830351250168,0,1871.7830351250168,441.4874351250169,151.89,0.2,88.16,17.632,819.476,0,0,0,0,441.2976000000001,0,0
low,Biomethanol,Dry biomass via biomethanol-to-propylene,2028,Biomethanol,1777.653035125017,0,1777.653035125017,441.4874351250169,151.89,0.2,92.11,18.422,724.5559999999999,0,0,0,0,441.2976000000001,0,0
low,Biomethanol,Dry biomass via biomethanol-to-propylene,2029,Biomethanol,1718.3250351250172,0,1718.3250351250172,441.4874351250169,151.89,0.2,96.05,19.21,664.44,0,0,0,0,441.2976000000001,0,0
low,Biomethanol,Dry biomass via biomethanol-to-propylene,2030,Biomethanol,1671.655035125017,0,1671.655035125017,441.4874351250169,151.89,0.2,100,20,616.98,0,0,0,0,441.2976000000001,0,0
low,Biomethanol,Dry biomass via biomethanol-to-propylene,2031,Biomethanol,1658.226035125017,0,1658.226035125017,441.4874351250169,151.89,0.2,108,21.6,601.951,0,0,0,0,441.2976000000001,0,0
low,Biomethanol,Dry biomass via biomethanol-to-propylene,2032,Biomethanol,1667.736035125017,0,1667.736035125017,441.4874351250169,151.89,0.2,116,23.200000000000003,609.861,0,0,0,0,441.2976000000001,0,0
low,Biomethanol,Dry biomass via biomethanol-to-propylene,2033,Biomethanol,1688.3200351250168,0,1688.3200351250168,441.4874351250169,151.89,0.2,124,24.8,628.845,0,0,0,0,441.2976000000001,0,0
low,Biomethanol,Dry biomass via biomethanol-to-propylene,2034,Biomethanol,1697.8300351250168,0,1697.8300351250168,441.4874351250169,151.89,0.2,132,26.400000000000002,636.755,0,0,0,0,441.2976000000001,0,0
low,Biomethanol,Dry biomass via biomethanol-to-propylene,2035,Biomethanol,1697.0570351250171,0,1697.0570351250171,441.4874351250169,151.89,0.2,140,28,634.3820000000001,0,0,0,0,441.2976000000001,0,0
low,Biomethanol,Dry biomass via biomethanol-to-propylene,2036,Biomethanol,1691.9290351250172,0,1691.9290351250172,441.4874351250169,151.89,0.2,146,29.200000000000003,628.0540000000001,0,0,0,0,441.2976000000001,0,0
low,Biomethanol,Dry biomass via biomethanol-to-propylene,2037,Biomethanol,1684.428035125017,0,1684.428035125017,441.4874351250169,151.89,0.2,152,30.400000000000002,619.353,0,0,0,0,441.2976000000001,0,0
low,Biomethanol,Dry biomass via biomethanol-to-propylene,2038,Biomethanol,1672.181035125017,0,1672.181035125017,441.4874351250169,151.89,0.2,158,31.6,605.906,0,0,0,0,441.2976000000001,0,0
low,Biomethanol,Dry biomass via biomethanol-to-propylene,2039,Biomethanol,1659.9340351250169,0,1659.9340351250169,441.4874351250169,151.89,0.2,164,32.800000000000004,592.4590000000001,0,0,0,0,441.2976000000001,0,0
low,Biomethanol,Dry biomass via biomethanol-to-propylene,2040,Biomethanol,1647.6870351250168,0,1647.6870351250168,441.4874351250169,151.89,0.2,170,34,579.0120000000001,0,0,0,0,441.2976000000001,0,0
low,Biomethanol,Dry biomass via biomethanol-to-propylene,2041,Biomethanol,1644.1410351250167,0,1644.1410351250167,441.4874351250169,151.89,0.2,176,35.2,574.266,0,0,0,0,441.2976000000001,0,0
low,Biomethanol,Dry biomass via biomethanol-to-propylene,2042,Biomethanol,1640.5950351250171,0,1640.5950351250171,441.4874351250169,151.89,0.2,182,36.4,569.52,0,0,0,0,441.2976000000001,0,0
low,Biomethanol,Dry biomass via biomethanol-to-propylene,2043,Biomethanol,1637.840035125017,0,1637.840035125017,441.4874351250169,151.89,0.2,188,37.6,565.565,0,0,0,0,441.2976000000001,0,0
low,Biomethanol,Dry biomass via biomethanol-to-propylene,2044,Biomethanol,1629.548035125017,0,1629.548035125017,441.4874351250169,151.89,0.2,194,38.800000000000004,556.073,0,0,0,0,441.2976000000001,0,0
low,Biomethanol,Dry biomass via biomethanol-to-propylene,2045,Biomethanol,1626.793035125017,0,1626.793035125017,441.4874351250169,151.89,0.2,200,40,552.1179999999999,0,0,0,0,441.2976000000001,0,0
low,Renewable Naphtha E-Steamcracker,Renewable naphtha via electric steam cracking,2025,eSteamcracker_Renewable_Naphtha,2222.7379427781048,0,2222.7379427781048,196.93594277810507,67.77,0.2,80.27,16.054,571.728,0,0,0,0,0,1370.2499999999998,0
low,Renewable Naphtha E-Steamcracker,Renewable naphtha via electric steam cracking,2026,eSteamcracker_Renewable_Naphtha,2176.0559427781045,0,2176.0559427781045,196.93594277810507,67.77,0.2,84.22,16.844,524.256,0,0,0,0,0,1370.2499999999998,0
low,Renewable Naphtha E-Steamcracker,Renewable naphtha via electric steam cracking,2027,eSteamcracker_Renewable_Naphtha,2187.1639427781047,0,2187.1639427781047,196.93594277810507,67.77,0.2,88.16,17.632,534.576,0,0,0,0,0,1370.2499999999998,0
low,Renewable Naphtha E-Steamcracker,Renewable naphtha via electric steam cracking,2028,eSteamcracker_Renewable_Naphtha,2126.0339427781046,0,2126.0339427781046,196.93594277810507,67.77,0.2,92.11,18.422,472.656,0,0,0,0,0,1370.2499999999998,0
low,Renewable Naphtha E-Steamcracker,Renewable naphtha via electric steam cracking,2029,eSteamcracker_Renewable_Naphtha,2087.6059427781047,0,2087.6059427781047,196.93594277810507,67.77,0.2,96.05,19.21,433.44,0,0,0,0,0,1370.2499999999998,0
low,Renewable Naphtha E-Steamcracker,Renewable naphtha via electric steam cracking,2030,eSteamcracker_Renewable_Naphtha,2057.4359427781046,0,2057.4359427781046,196.93594277810507,67.77,0.2,100,20,402.48,0,0,0,0,0,1370.2499999999998,0
low,Renewable Naphtha E-Steamcracker,Renewable naphtha via electric steam cracking,2031,eSteamcracker_Renewable_Naphtha,2049.231942778105,0,2049.231942778105,196.93594277810507,67.77,0.2,108,21.6,392.676,0,0,0,0,0,1370.2499999999998,0
low,Renewable Naphtha E-Steamcracker,Renewable naphtha via electric steam cracking,2032,eSteamcracker_Renewable_Naphtha,2055.9919427781047,0,2055.9919427781047,196.93594277810507,67.77,0.2,116,23.200000000000003,397.83599999999996,0,0,0,0,0,1370.2499999999998,0
low,Renewable Naphtha E-Steamcracker,Renewable naphtha via electric steam cracking,2033,eSteamcracker_Renewable_Naphtha,2069.9759427781046,0,2069.9759427781046,196.93594277810507,67.77,0.2,124,24.8,410.22,0,0,0,0,0,1370.2499999999998,0
low,Renewable Naphtha E-Steamcracker,Renewable naphtha via electric steam cracking,2034,eSteamcracker_Renewable_Naphtha,2076.735942778105,0,2076.735942778105,196.93594277810507,67.77,0.2,132,26.400000000000002,415.38,0,0,0,0,0,1370.2499999999998,0
low,Renewable Naphtha E-Steamcracker,Renewable naphtha via electric steam cracking,2035,eSteamcracker_Renewable_Naphtha,2076.787942778105,0,2076.787942778105,196.93594277810507,67.77,0.2,140,28,413.83200000000005,0,0,0,0,0,1370.2499999999998,0
low,Renewable Naphtha E-Steamcracker,Renewable naphtha via electric steam cracking,2036,eSteamcracker_Renewable_Naphtha,2073.8599427781046,0,2073.8599427781046,196.93594277810507,67.77,0.2,146,29.200000000000003,409.70400000000006,0,0,0,0,0,1370.2499999999998,0
low,Renewable Naphtha E-Steamcracker,Renewable naphtha via electric steam cracking,2037,eSteamcracker_Renewable_Naphtha,2069.383942778105,0,2069.383942778105,196.93594277810507,67.77,0.2,152,30.400000000000002,404.028,0,0,0,0,0,1370.2499999999998,0
low,Renewable Naphtha E-Steamcracker,Renewable naphtha via electric steam cracking,2038,eSteamcracker_Renewable_Naphtha,2061.811942778105,0,2061.811942778105,196.93594277810507,67.77,0.2,158,31.6,395.256,0,0,0,0,0,1370.2499999999998,0
low,Renewable Naphtha E-Steamcracker,Renewable naphtha via electric steam cracking,2039,eSteamcracker_Renewable_Naphtha,2054.2399427781047,0,2054.2399427781047,196.93594277810507,67.77,0.2,164,32.800000000000004,386.48400000000004,0,0,0,0,0,1370.2499999999998,0
low,Renewable Naphtha E-Steamcracker,Renewable naphtha via electric steam cracking,2040,eSteamcracker_Renewable_Naphtha,2046.6679427781048,0,2046.6679427781048,196.93594277810507,67.77,0.2,170,34,377.71200000000005,0,0,0,0,0,1370.2499999999998,0
low,Renewable Naphtha E-Steamcracker,Renewable naphtha via electric steam cracking,2041,eSteamcracker_Renewable_Naphtha,2044.7719427781049,0,2044.7719427781049,196.93594277810507,67.77,0.2,176,35.2,374.616,0,0,0,0,0,1370.2499999999998,0
low,Renewable Naphtha E-Steamcracker,Renewable naphtha via electric steam cracking,2042,eSteamcracker_Renewable_Naphtha,2042.8759427781047,0,2042.8759427781047,196.93594277810507,67.77,0.2,182,36.4,371.52,0,0,0,0,0,1370.2499999999998,0
low,Renewable Naphtha E-Steamcracker,Renewable naphtha via electric steam cracking,2043,eSteamcracker_Renewable_Naphtha,2041.4959427781048,0,2041.4959427781048,196.93594277810507,67.77,0.2,188,37.6,368.94,0,0,0,0,0,1370.2499999999998,0
low,Renewable Naphtha E-Steamcracker,Renewable naphtha via electric steam cracking,2044,eSteamcracker_Renewable_Naphtha,2036.5039427781048,0,2036.5039427781048,196.93594277810507,67.77,0.2,194,38.800000000000004,362.748,0,0,0,0,0,1370.2499999999998,0
low,Renewable Naphtha E-Steamcracker,Renewable naphtha via electric steam cracking,2045,eSteamcracker_Renewable_Naphtha,2035.1239427781047,0,2035.1239427781047,196.93594277810507,67.77,0.2,200,40,360.168,0,0,0,0,0,1370.2499999999998,0
low,Renewable Propane PDH,Renewable propane via conventional PDH,2025,Renewable_Propane_PDH,2090.581532056426,0,2090.581532056426,117.32799205642624,93,1.18,80.27,94.7186,80.884,271.85094,0,0,0,0,0,1432.8
low,Renewable Propane PDH,Renewable propane via conventional PDH,2026,Renewable_Propane_PDH,2042.283092056426,0,2042.283092056426,117.32799205642624,93,1.18,84.22,99.3796,74.16799999999999,225.60750000000002,0,0,0,0,0,1432.8
low,Renewable Propane PDH,Renewable propane via conventional PDH,2027,Renewable_Propane_PDH,2029.026632056426,0,2029.026632056426,117.32799205642624,93,1.18,88.16,104.02879999999999,75.628,206.24184,0,0,0,0,0,1432.8
low,Renewable Propane PDH,Renewable propane via conventional PDH,2028,Renewable_Propane_PDH,2006.8302520564262,0,2006.8302520564262,117.32799205642624,93,1.18,92.11,108.68979999999999,66.868,188.14446,0,0,0,0,0,1432.8
low,Renewable Propane PDH,Renewable propane via conventional PDH,2029,Renewable_Propane_PDH,1986.4682320564261,0,1986.4682320564261,117.32799205642624,93,1.18,96.05,113.33899999999998,61.32,168.68124,0,0,0,0,0,1432.8
low,Renewable Propane PDH,Renewable propane via conventional PDH,2030,Renewable_Propane_PDH,1967.334792056426,0,1967.334792056426,117.32799205642624,93,1.18,100,118,56.94,149.26680000000002,0,0,0,0,0,1432.8
low,Renewable Propane PDH,Renewable propane via conventional PDH,2031,Renewable_Propane_PDH,1970.119552056426,0,1970.119552056426,117.32799205642624,93,1.18,108,127.44,55.553,143.99856,0,0,0,0,0,1432.8
low,Renewable Propane PDH,Renewable propane via conventional PDH,2032,Renewable_Propane_PDH,1978.6798120564263,0,1978.6798120564263,117.32799205642624,93,1.18,116,136.88,56.282999999999994,142.38882,0,0,0,0,0,1432.8
low,Renewable Propane PDH,Renewable propane via conventional PDH,2033,Renewable_Propane_PDH,1988.2620720564262,0,1988.2620720564262,117.32799205642624,93,1.18,124,146.32,58.035,140.77908,0,0,0,0,0,1432.8
low,Renewable Propane PDH,Renewable propane via conventional PDH,2034,Renewable_Propane_PDH,1996.8711120564262,0,1996.8711120564262,117.32799205642624,93,1.18,132,155.76,58.765,139.21812,0,0,0,0,0,1432.8
low,Renewable Propane PDH,Renewable propane via conventional PDH,2035,Renewable_Propane_PDH,2004.5311520564262,0,2004.5311520564262,117.32799205642624,93,1.18,140,165.2,58.546,137.65716,0,0,0,0,0,1432.8
low,Renewable Propane PDH,Renewable propane via conventional PDH,2036,Renewable_Propane_PDH,2009.5149720564264,0,2009.5149720564264,117.32799205642624,93,1.18,146,172.28,57.962,136.14498,0,0,0,0,0,1432.8
low,Renewable Propane PDH,Renewable propane via conventional PDH,2037,Renewable_Propane_PDH,2014.2797920564262,0,2014.2797920564262,117.32799205642624,93,1.18,152,179.35999999999999,57.159,134.6328,0,0,0,0,0,1432.8
low,Renewable Propane PDH,Renewable propane via conventional PDH,2038,Renewable_Propane_PDH,2018.655392056426,0,2018.655392056426,117.32799205642624,93,1.18,158,186.44,55.91799999999999,133.1694,0,0,0,0,0,1432.8
low,Renewable Propane PDH,Renewable propane via conventional PDH,2039,Renewable_Propane_PDH,2022.9822120564263,0,2022.9822120564263,117.32799205642624,93,1.18,164,193.51999999999998,54.677,131.65722,0,0,0,0,0,1432.8
low,Renewable Propane PDH,Renewable propane via conventional PDH,2040,Renewable_Propane_PDH,2027.3578120564262,0,2027.3578120564262,117.32799205642624,93,1.18,170,200.6,53.436,130.19382000000002,0,0,0,0,0,1432.8
low,Renewable Propane PDH,Renewable propane via conventional PDH,2041,Renewable_Propane_PDH,2034.048592056426,0,2034.048592056426,117.32799205642624,93,1.18,176,207.67999999999998,52.998,130.2426,0,0,0,0,0,1432.8
low,Renewable Propane PDH,Renewable propane via conventional PDH,2042,Renewable_Propane_PDH,2041.0320520564262,0,2041.0320520564262,117.32799205642624,93,1.18,182,214.76,52.56,130.58406,0,0,0,0,0,1432.8
low,Renewable Propane PDH,Renewable propane via conventional PDH,2043,Renewable_Propane_PDH,2048.088512056426,0,2048.088512056426,117.32799205642624,93,1.18,188,221.83999999999997,52.195,130.92552,0,0,0,0,0,1432.8
low,Renewable Propane PDH,Renewable propane via conventional PDH,2044,Renewable_Propane_PDH,2054.682752056426,0,2054.682752056426,117.32799205642624,93,1.18,194,228.92,51.318999999999996,131.31576,0,0,0,0,0,1432.8
low,Renewable Propane PDH,Renewable propane via conventional PDH,2045,Renewable_Propane_PDH,2061.7392120564264,0,2061.7392120564264,117.32799205642624,93,1.18,200,236,50.95399999999999,131.65722,0,0,0,0,0,1432.8
